대여일시,대여건수
2023-01-01,38037
2023-01-02,56609
2023-01-03,61252
2023-01-04,67721
2023-01-05,68711
2023-01-06,63125
2023-01-07,42492
2023-01-08,44620
2023-01-09,74134
2023-01-10,80604
2023-01-11,81988
2023-01-12,87595
2023-01-13,20792
2023-01-14,25896
2023-01-15,21415
2023-01-16,61311
2023-01-17,67337
2023-01-18,71361
2023-01-19,68359
2023-01-20,51398
2023-01-21,30226
2023-01-22,22752
2023-01-23,30880
2023-01-24,15265
2023-01-25,38329
2023-01-26,24340
2023-01-27,40221
2023-01-28,35890
2023-01-29,38347
2023-01-30,65611
2023-01-31,74828
2023-02-01,72476
2023-02-02,70755
2023-02-03,72693
2023-02-04,57939
2023-02-05,53806
2023-02-06,81306
2023-02-07,86528
2023-02-08,86848
2023-02-09,89612
2023-02-10,68845
2023-02-11,70625
2023-02-12,60692
2023-02-13,91952
2023-02-14,89966
2023-02-15,94666
2023-02-16,87394
2023-02-17,95472
2023-02-18,72419
2023-02-19,57600
2023-02-20,75725
2023-02-21,81584
2023-02-22,90322
2023-02-23,94719
2023-02-24,92586
2023-02-25,68023
2023-02-26,66858
2023-02-27,97898
2023-02-28,102196
2023-03-01,79638
2023-03-02,95453
2023-03-03,107215
2023-03-04,97286
2023-03-05,95137
2023-03-06,121403
2023-03-07,132494
2023-03-08,126428
2023-03-09,109299
2023-03-10,138823
2023-03-11,129567
2023-03-12,40919
2023-03-13,103769
2023-03-14,130020
2023-03-15,123017
2023-03-16,118553
2023-03-17,128106
2023-03-18,114617
2023-03-19,110627
2023-03-20,131591
2023-03-21,150433
2023-03-22,154551
2023-03-23,146757
2023-03-24,149034
2023-03-25,136959
2023-03-26,121288
2023-03-27,137985
2023-03-28,151848
2023-03-29,161395
2023-03-30,167433
2023-03-31,173890
2023-04-01,171977
2023-04-02,172417
2023-04-03,181275
2023-04-04,136861
2023-04-05,23103
2023-04-06,62143
2023-04-07,140643
2023-04-08,131981
2023-04-09,131332
2023-04-10,163117
2023-04-11,105357
2023-04-12,143620
2023-04-13,148980
2023-04-14,167790
2023-04-15,97305
2023-04-16,112187
2023-04-17,160891
2023-04-18,106064
2023-04-19,180747
2023-04-20,150795
2023-04-21,177951
2023-04-22,158022
2023-04-23,140444
2023-04-24,170623
2023-04-25,88208
2023-04-26,153562
2023-04-27,174520
2023-04-28,165729
2023-04-29,51329
2023-04-30,113123
2023-05-01,169163
2023-05-02,181358
2023-05-03,191700
2023-05-04,177946
2023-05-05,15582
2023-05-06,38108
2023-05-07,122748
2023-05-08,178650
2023-05-09,186373
2023-05-10,188820
2023-05-11,188666
2023-05-12,191294
2023-05-13,164530
2023-05-14,159839
2023-05-15,191110
2023-05-16,191713
2023-05-17,193524
2023-05-18,175236
2023-05-19,200052
2023-05-20,170201
2023-05-21,146665
2023-05-22,178834
2023-05-23,199093
2023-05-24,197705
2023-05-25,194905
2023-05-26,195431
2023-05-27,31642
2023-05-28,4992
2023-05-29,142076
2023-05-30,188617
2023-05-31,196321
2023-06-01,199164
2023-06-02,201999
2023-06-03,170766
2023-06-04,155376
2023-06-05,194306
2023-06-06,167366
2023-06-07,196585
2023-06-08,169188
2023-06-09,193084
2023-06-10,141922
2023-06-11,131271
2023-06-12,183371
2023-06-13,203584
2023-06-14,189563
2023-06-15,199265
2023-06-16,200404
2023-06-17,164879
2023-06-18,140332
2023-06-19,181878
2023-06-20,161787
2023-06-21,93551
2023-06-22,192382
2023-06-23,196517
2023-06-24,155928
2023-06-25,133566
2023-06-26,59288
2023-06-27,179792
2023-06-28,185929
2023-06-29,35326
2023-06-30,155252
