date,rental_count,record_missing,mean_temp_c,precip_mm,rolling_7d,pct_change,rolling_std_7d,weekday,weekday_name,month,rain_flag,temperature_bin,outlier_flag
2023-01-01,38037.0,False,-2.5,0.0,,,,6,일요일,1,False,<=0,False
2023-01-02,56609.0,False,-6.0,0.0,,0.4882614296605936,,0,월요일,1,False,<=0,False
2023-01-03,61252.0,False,-6.3,0.0,,0.08201876026780197,,1,화요일,1,False,<=0,False
2023-01-04,67721.0,False,-4.2,0.0,,0.1056128779468426,,2,수요일,1,False,<=0,False
2023-01-05,68711.0,False,-3.3,0.0,,0.014618803620737975,,3,목요일,1,False,<=0,False
2023-01-06,63125.0,False,-1.5,4.2,,-0.08129702667695127,,4,금요일,1,True,<=0,False
2023-01-07,42492.0,False,0.1,0.5,56849.57142857143,-0.32685940594059404,12095.13954524906,5,토요일,1,True,0~10,False
2023-01-08,44620.0,False,-1.1,0.0,57790.0,0.05008001506165871,10545.244868343898,6,일요일,1,False,<=0,False
2023-01-09,74134.0,False,1.0,0.0,60293.57142857143,0.6614522635589422,12172.84971917892,0,월요일,1,False,0~10,False
2023-01-10,80604.0,False,-1.4,0.0,63058.142857142855,0.08727439501443324,14417.377008649106,1,화요일,1,False,<=0,False
2023-01-11,81988.0,False,-0.6,0.0,65096.28571428572,0.017170363753659768,16097.01643902047,2,수요일,1,False,<=0,False
2023-01-12,87595.0,False,1.7,0.0,67794.0,0.06838805678879845,18243.108187294547,3,목요일,1,False,0~10,False
2023-01-13,20792.0,False,6.1,18.0,61746.42857142857,-0.7626348535875336,25587.24480320317,4,금요일,1,True,0~10,False
2023-01-14,25896.0,False,4.3,4.6,59375.57142857143,0.24547903039630636,28294.334072726426,5,토요일,1,True,0~10,False
2023-01-15,21415.0,False,-0.7,5.0,56060.57142857143,-0.17303830707445167,31490.12957450394,6,일요일,1,True,<=0,False
2023-01-16,61311.0,False,-6.2,0.0,54228.71428571428,1.862993229045062,30624.60296185778,0,월요일,1,False,<=0,False
2023-01-17,67337.0,False,-5.3,0.0,52333.42857142857,0.09828578884702588,29092.45188966342,1,화요일,1,False,<=0,False
2023-01-18,71361.0,False,-4.3,0.0,50815.28571428572,0.05975912202800848,27521.949135882343,2,수요일,1,False,<=0,False
2023-01-19,68359.0,False,-2.5,1.3,48067.28571428572,-0.04206779613514389,23968.451853177645,3,목요일,1,True,<=0,False
2023-01-20,51398.0,False,-4.4,0.4,52439.57142857143,-0.24811656109656377,20737.46358531777,4,금요일,1,True,<=0,False
2023-01-21,30226.0,False,-7.3,0.0,53058.142857142855,-0.4119226429043932,19859.747954330225,5,토요일,1,False,<=0,False
2023-01-22,22752.0,False,-2.6,0.6,53249.142857142855,-0.24727056176801432,19508.015322157287,6,일요일,1,True,<=0,False
2023-01-23,30880.0,False,-2.0,0.0,48901.857142857145,0.35724331926863573,20762.420904353217,0,월요일,1,False,<=0,False
2023-01-24,15265.0,False,-14.9,0.0,41463.0,-0.5056670984455959,22325.97973960679,1,화요일,1,False,<=0,False
2023-01-25,38329.0,False,-13.3,0.0,36744.142857142855,1.5109073042908614,18031.24367524853,2,수요일,1,False,<=0,False
2023-01-26,24340.0,False,-6.0,1.1,30455.714285714286,-0.3649716924521903,11749.522837322442,3,목요일,1,True,<=0,False
2023-01-27,40221.0,False,-10.1,0.0,28859.0,0.6524650780608052,8824.612550512704,4,금요일,1,False,<=0,False
2023-01-28,35890.0,False,-7.9,0.0,29668.14285714286,-0.10768006762636428,9221.58705481456,5,토요일,1,False,<=0,False
2023-01-29,38347.0,False,-4.1,0.4,31896.0,0.06845918083031477,9155.800565761558,6,일요일,1,True,<=0,False
2023-01-30,65611.0,False,-3.2,0.0,36857.57142857143,0.7109813023183038,15632.875272505504,0,월요일,1,False,<=0,False
2023-01-31,74828.0,False,0.0,0.2,45366.57142857143,0.14047949276798088,17958.34751916354,1,화요일,1,True,<=0,False
2023-02-01,72476.0,False,-0.3,0.0,50244.71428571428,-0.03143208424653876,20223.0612397026,2,수요일,2,False,<=0,False
2023-02-02,70755.0,False,-3.6,0.0,56875.42857142857,-0.023745791710359287,17774.917860636677,3,목요일,2,False,<=0,False
2023-02-03,72693.0,False,-3.1,0.0,61514.28571428572,0.02739029043883834,16920.79014816078,4,금요일,2,False,<=0,False
2023-02-04,57939.0,False,-2.8,0.0,64664.142857142855,-0.20296314638273283,12939.643766716437,5,토요일,2,False,<=0,False
2023-02-05,53806.0,False,-0.6,0.0,66872.57142857143,-0.07133364400490172,8121.714163425151,6,일요일,2,False,<=0,False
2023-02-06,81306.0,False,-0.2,0.0,69114.71428571429,0.5110954168680073,9723.813650248636,0,월요일,2,False,<=0,False
2023-02-07,86528.0,False,0.8,0.0,70786.14285714286,0.06422650234915017,11678.616376788405,1,화요일,2,False,0~10,False
2023-02-08,86848.0,False,-0.2,0.0,72839.28571428571,0.0036982248520709415,13190.655476691134,2,수요일,2,False,<=0,False
2023-02-09,89612.0,False,1.5,0.2,75533.14285714286,0.03182571849668392,14549.581808750512,3,목요일,2,True,0~10,False
2023-02-10,68845.0,False,2.3,1.8,74983.42857142857,-0.2317435164933268,14746.138069080358,4,금요일,2,True,0~10,False
2023-02-11,70625.0,False,-0.6,0.0,76795.71428571429,0.025855181930423354,12975.516851803193,5,토요일,2,False,<=0,False
2023-02-12,60692.0,False,1.7,0.0,77779.42857142857,-0.14064424778761064,11062.044866074613,6,일요일,2,False,0~10,False
2023-02-13,91952.0,False,4.2,0.5,79300.28571428571,0.5150596454227905,12291.237050764881,0,월요일,2,True,0~10,False
2023-02-14,89966.0,False,0.3,0.0,79791.42857142857,-0.021598225160953555,12690.390772248942,1,화요일,2,False,0~10,False
2023-02-15,94666.0,False,0.7,0.0,80908.28571428571,0.052241958073049766,13717.39888747482,2,수요일,2,False,0~10,False
2023-02-16,87394.0,False,0.8,0.1,80591.42857142857,-0.0768174423763548,13506.845497217864,3,목요일,2,True,0~10,False
2023-02-17,95472.0,False,0.8,0.0,84395.28571428571,0.09243197473510767,13396.372453196509,4,금요일,2,False,0~10,False
2023-02-18,72419.0,False,3.3,0.0,84651.57142857143,-0.24146346572817157,13102.97449509263,5,토요일,2,False,0~10,False
2023-02-19,57600.0,False,2.0,0.0,84209.85714285714,-0.20462861956116485,14062.291876131863,6,일요일,2,False,0~10,False
2023-02-20,75725.0,False,-2.5,0.0,81891.71428571429,0.31467013888888884,13909.97146791091,0,월요일,2,False,<=0,False
2023-02-21,81584.0,False,-3.3,0.0,80694.28571428571,0.07737206999009572,13452.308286613696,1,화요일,2,False,<=0,False
2023-02-22,90322.0,False,-1.8,0.0,80073.71428571429,0.10710433418317322,12783.947678166378,2,수요일,2,False,<=0,False
2023-02-23,94719.0,False,0.0,0.0,81120.14285714286,0.04868138438032821,13746.56703118482,3,목요일,2,False,<=0,False
2023-02-24,92586.0,False,1.6,0.0,80707.85714285714,-0.022519241123744926,13279.739272397537,4,금요일,2,False,0~10,False
2023-02-25,68023.0,False,-1.1,0.0,80079.85714285714,-0.26529928930939883,13829.609604378718,5,토요일,2,False,<=0,False
2023-02-26,66858.0,False,-0.7,0.0,81402.42857142857,-0.01712656013407232,11581.434667275957,6,일요일,2,False,<=0,False
2023-02-27,97898.0,False,0.5,0.0,84570.0,0.46426755212540005,12743.71671321468,0,월요일,2,False,0~10,False
2023-02-28,102196.0,False,2.2,0.0,87514.57142857143,0.04390283764734715,14233.060503128443,1,화요일,2,False,0~10,False
2023-03-01,79638.0,False,4.5,0.3,85988.28571428571,-0.22073270969509573,14452.980969501152,2,수요일,3,True,0~10,False
2023-03-02,95453.0,False,0.4,0.0,86093.14285714286,0.19858610211205696,14529.340618538901,3,목요일,3,False,0~10,False
2023-03-03,107215.0,False,1.9,0.0,88183.0,0.12322294741914863,16532.86407936227,4,금요일,3,False,0~10,False
2023-03-04,97286.0,False,4.3,0.0,92363.42857142857,-0.09260831040432771,14107.448952676792,5,토요일,3,False,0~10,False
2023-03-05,95137.0,False,4.6,0.0,96403.28571428571,-0.022089509281911113,8534.668392587331,6,일요일,3,False,0~10,False
2023-03-06,121403.0,False,5.2,0.0,99761.14285714286,0.2760860653583779,12785.854806889442,0,월요일,3,False,0~10,False
2023-03-07,132494.0,False,8.4,0.0,104089.42857142857,0.09135688574417444,17866.362741729172,1,화요일,3,False,0~10,False
2023-03-08,126428.0,False,9.4,6.5,110773.71428571429,-0.04578320527722013,15830.472678922008,2,수요일,3,True,0~10,False
2023-03-09,109299.0,False,8.6,0.9,112751.71428571429,-0.13548422817730255,14397.258416266717,3,목요일,3,True,0~10,False
2023-03-10,138823.0,False,9.6,0.0,117267.14285714286,0.2701214100769449,17078.3457769244,4,금요일,3,False,0~10,False
2023-03-11,129567.0,False,11.0,0.0,121878.71428571429,-0.06667483053960799,15017.731993816393,5,토요일,3,False,10~20,False
2023-03-12,40919.0,False,4.8,7.3,114133.28571428571,-0.6841865598493444,33597.14286817799,6,일요일,3,True,0~10,False
2023-03-13,103769.0,False,0.7,0.0,111614.14285714286,1.5359612893765733,33622.302025236044,0,월요일,3,False,0~10,False
2023-03-14,130020.0,False,5.7,0.0,111260.71428571429,0.2529753587294856,33378.35606454323,1,화요일,3,False,0~10,False
2023-03-15,123017.0,False,7.3,0.3,110773.42857142857,-0.053860944470081495,33144.10326567481,2,수요일,3,True,0~10,False
2023-03-16,118553.0,False,3.0,0.0,112095.42857142857,-0.03628766755814239,33259.844386572964,3,목요일,3,False,0~10,False
2023-03-17,128106.0,False,4.5,0.0,110564.42857142857,0.08057999375806602,32049.10577981413,4,금요일,3,False,0~10,False
2023-03-18,114617.0,False,5.7,0.0,108428.71428571429,-0.1052956145691849,31054.435468030915,5,토요일,3,False,0~10,False
2023-03-19,110627.0,False,4.7,0.0,118387.0,-0.03481158990376643,9481.266880890355,6,일요일,3,False,0~10,False
2023-03-20,131591.0,False,6.1,0.6,122361.57142857143,0.18950165872707392,8056.526295642729,0,월요일,3,True,0~10,False
2023-03-21,150433.0,False,9.0,0.0,125277.71428571429,0.14318608415469147,13287.036573471296,1,화요일,3,False,0~10,False
2023-03-22,154551.0,False,13.2,0.0,129782.57142857143,0.027374312817001645,17170.85858712516,2,수요일,3,False,10~20,False
2023-03-23,146757.0,False,15.5,2.1,133811.7142857143,-0.05042995516043247,17404.119787321364,3,목요일,3,True,10~20,False
2023-03-24,149034.0,False,10.3,0.0,136801.42857142858,0.015515443897054393,18046.30331357968,4,금요일,3,False,10~20,False
2023-03-25,136959.0,False,11.0,0.1,139993.14285714287,-0.08102178026490603,15223.78105058639,5,토요일,3,True,10~20,False
2023-03-26,121288.0,False,8.3,0.0,141516.14285714287,-0.11442110412605233,11985.104483324012,6,일요일,3,False,0~10,False
2023-03-27,137985.0,False,5.2,0.0,142429.57142857142,0.13766407229074606,11328.256880578929,0,월요일,3,False,0~10,False
2023-03-28,151848.0,False,6.9,0.0,142631.7142857143,0.10046744211327319,11506.102145011206,1,화요일,3,False,0~10,False
2023-03-29,161395.0,False,9.3,0.0,143609.42857142858,0.06287208260892463,12894.717017150233,2,수요일,3,False,0~10,False
2023-03-30,167433.0,False,11.1,0.0,146563.14285714287,0.03741132005328551,15780.93108183185,3,목요일,3,False,10~20,False
2023-03-31,173890.0,False,12.3,0.0,150114.0,0.03856467960318466,18914.80282741543,4,금요일,3,False,10~20,False
2023-04-01,171977.0,False,14.9,0.0,155116.57142857142,-0.011001207660015,19478.087233753653,5,토요일,4,False,10~20,False
2023-04-02,172417.0,False,16.5,0.0,162420.7142857143,0.002558481657430889,13278.14217318942,6,일요일,4,False,10~20,False
2023-04-03,181275.0,False,16.3,0.0,168605.0,0.051375444416733806,9561.350898278068,0,월요일,4,False,10~20,False
2023-04-04,136861.0,False,15.5,8.6,166464.0,-0.2450089642807889,14395.102789953817,1,화요일,4,True,10~20,False
2023-04-05,23103.0,False,12.3,44.1,146708.0,-0.831193692870869,56329.238579977304,2,수요일,4,True,10~20,False
2023-04-06,62143.0,False,8.9,3.0,131666.57142857142,1.6898238324027184,63476.899078476185,3,목요일,4,True,0~10,False
2023-04-07,140643.0,False,7.7,0.3,126917.0,1.2632154868609495,60985.9951792213,4,금요일,4,True,0~10,False
2023-04-08,131981.0,False,6.7,0.0,121203.28571428571,-0.06158856110862254,57853.931625875106,5,토요일,4,False,0~10,False
2023-04-09,131332.0,False,8.2,0.0,115334.0,-0.004917374470567726,53729.36991069227,6,일요일,4,False,0~10,False
2023-04-10,163117.0,False,10.6,0.0,112740.0,0.24202022355556907,50347.07687972895,0,월요일,4,False,10~20,False
2023-04-11,105357.0,False,12.1,2.2,108239.42857142857,-0.35410165709276165,49227.14181511779,1,화요일,4,True,10~20,False
2023-04-12,143620.0,False,8.0,0.0,125456.14285714286,0.3631747297284471,32834.26958950351,2,수요일,4,False,0~10,False
2023-04-13,148980.0,False,9.4,0.0,137861.42857142858,0.037320707422364485,17963.460866039095,3,목요일,4,False,0~10,False
2023-04-14,167790.0,False,13.1,0.6,141739.57142857142,0.12625855819573095,21286.998620888713,4,금요일,4,True,10~20,False
2023-04-15,97305.0,False,11.0,5.5,136785.85714285713,-0.4200786697657787,27160.76915595103,5,토요일,4,True,10~20,False
2023-04-16,112187.0,False,9.3,1.0,134050.85714285713,0.15294178099789324,28720.61375521412,6,일요일,4,True,0~10,False
2023-04-17,160891.0,False,10.2,0.1,133732.85714285713,0.43413229696845446,28355.14846507058,0,월요일,4,True,10~20,False
2023-04-18,106064.0,False,12.4,20.2,133833.85714285713,-0.3407710810424449,28238.247251016266,1,화요일,4,True,10~20,False
2023-04-19,180747.0,False,16.1,0.0,139137.7142857143,0.7041314677930306,33397.9782906805,2,수요일,4,False,10~20,False
2023-04-20,150795.0,False,14.5,0.0,139397.0,-0.1657122939799831,33494.03141357184,3,목요일,4,False,10~20,False
2023-04-21,177951.0,False,14.8,0.0,140848.57142857142,0.18008554660300402,35110.77681594429,4,금요일,4,False,10~20,False
2023-04-22,158022.0,False,13.7,0.0,149522.42857142858,-0.11199150327899254,29633.40835305738,5,토요일,4,False,10~20,False
2023-04-23,140444.0,False,14.4,0.0,153559.14285714287,-0.11123767576666543,25308.92973786512,6,일요일,4,False,10~20,False
2023-04-24,170623.0,False,13.8,0.0,154949.42857142858,0.21488280026202622,26035.681854313905,0,월요일,4,False,10~20,False
2023-04-25,88208.0,False,9.8,1.5,152398.57142857142,-0.4830239768378237,31849.19003081634,1,화요일,4,True,0~10,False
2023-04-26,153562.0,False,9.4,0.5,148515.0,0.7409078541628877,29377.91321157223,2,수요일,4,True,0~10,False
2023-04-27,174520.0,False,10.4,0.0,151904.2857142857,0.1364790768549511,31008.121327131357,3,목요일,4,False,10~20,False
2023-04-28,165729.0,False,13.5,2.8,150158.2857142857,-0.050372450148980064,29609.608005478538,4,금요일,4,True,10~20,False
2023-04-29,51329.0,False,12.6,12.1,134916.42857142858,-0.69028353516886,47151.46439174207,5,토요일,4,True,10~20,False
2023-04-30,113123.0,False,11.5,1.2,131013.42857142857,1.203880847084494,47744.68414688405,6,일요일,4,True,10~20,False
2023-05-01,169163.0,False,12.0,0.0,130804.85714285714,0.4953899737453922,47545.58570967653,0,월요일,5,False,10~20,False
2023-05-02,181358.0,False,14.7,0.0,144112.0,0.07209023249765023,46663.8046384276,1,화요일,5,False,10~20,False
2023-05-03,191700.0,False,17.2,0.0,149560.2857142857,0.057025331113047084,50054.291363526114,2,수요일,5,False,10~20,False
2023-05-04,177946.0,False,19.0,0.0,150049.7142857143,-0.07174752217005742,50354.86927700999,3,목요일,5,False,10~20,False
2023-05-05,15582.0,False,18.3,59.0,128600.14285714286,-0.9124341092241467,70508.64550164185,4,금요일,5,True,10~20,False
2023-05-06,38108.0,False,11.8,36.9,126711.42857142857,1.445642407906559,73054.59402815854,5,토요일,5,True,10~20,False
2023-05-07,122748.0,False,12.6,0.0,128086.42857142857,2.2210559462580037,72846.49528485035,6,일요일,5,False,10~20,False
2023-05-08,178650.0,False,12.3,0.0,129441.71428571429,0.4554208622543747,73819.82986911289,0,월요일,5,False,10~20,False
2023-05-09,186373.0,False,13.0,0.0,130158.14285714286,0.0432297788972853,74429.47598550052,1,화요일,5,False,10~20,False
2023-05-10,188820.0,False,14.8,0.0,129746.71428571429,0.013129584220890278,74039.52746273283,2,수요일,5,False,10~20,False
2023-05-11,188666.0,False,16.1,0.0,131278.14285714287,-0.0008155915686897108,75302.72674662052,3,목요일,5,False,10~20,False
2023-05-12,191294.0,False,15.1,0.0,156379.85714285713,0.01392937784232462,57487.15385321192,4,금요일,5,False,10~20,False
2023-05-13,164530.0,False,15.5,0.0,174440.14285714287,-0.13991029514778297,24575.096964397122,5,토요일,5,False,10~20,False
2023-05-14,159839.0,False,15.7,0.0,179738.85714285713,-0.028511517656354513,12702.97519518634,6,일요일,5,False,10~20,False
2023-05-15,191110.0,False,17.5,0.0,181518.85714285713,0.19564061336720084,13379.910019983405,0,월요일,5,False,10~20,False
2023-05-16,191713.0,False,20.3,0.0,182281.7142857143,0.003155250902621587,13846.877755343387,1,화요일,5,False,20~30,False
2023-05-17,193524.0,False,19.9,0.0,182953.7142857143,0.009446412084730849,14323.028435754197,2,수요일,5,False,10~20,False
2023-05-18,175236.0,False,19.9,0.2,181035.14285714287,-0.09449990698828048,14329.813634849514,3,목요일,5,True,10~20,False
2023-05-19,200052.0,False,20.4,0.0,182286.2857142857,0.14161473669793878,15692.357744183104,4,금요일,5,False,20~30,False
2023-05-20,170201.0,False,19.0,0.0,183096.42857142858,-0.1492162037870154,14740.390529167656,5,토요일,5,False,10~20,False
2023-05-21,146665.0,False,16.6,1.1,181214.42857142858,-0.13828355885100563,18552.727623875406,6,일요일,5,True,10~20,False
2023-05-22,178834.0,False,18.1,0.0,179460.7142857143,0.21933658337026563,18034.401031678997,0,월요일,5,False,10~20,False
2023-05-23,199093.0,False,18.3,0.0,180515.0,0.11328382746010268,19056.780210728033,1,화요일,5,False,10~20,False
2023-05-24,197705.0,False,18.8,0.0,181112.2857142857,-0.006971616279829007,19590.51641070471,2,수요일,5,False,10~20,False
2023-05-25,194905.0,False,18.8,0.0,183922.14285714287,-0.014162514857995467,20013.208775111118,3,목요일,5,False,10~20,False
2023-05-26,195431.0,False,19.9,0.1,183262.0,0.0026987506734050815,19461.081393385994,4,금요일,5,True,10~20,False
2023-05-27,31642.0,False,18.3,24.6,163467.85714285713,-0.8380911933111942,61029.74708131703,5,토요일,5,True,10~20,False
2023-05-28,4992.0,False,18.6,37.4,143228.85714285713,-0.8422350041084634,85938.66186109833,6,일요일,5,True,10~20,False
2023-05-29,142076.0,False,21.4,5.9,137977.7142857143,27.46073717948718,84511.63922544301,0,월요일,5,True,20~30,False
2023-05-30,188617.0,False,21.3,1.6,136481.14285714287,0.32757819758439144,83333.55068124043,1,화요일,5,True,20~30,False
2023-05-31,196321.0,False,20.3,0.0,136283.42857142858,0.040844674658169655,83165.55596891695,2,수요일,5,False,20~30,False
2023-06-01,199164.0,False,20.6,1.1,136891.85714285713,0.01448138507851926,83679.8905819644,3,목요일,6,True,20~30,False
2023-06-02,201999.0,False,18.8,0.7,137830.14285714287,0.014234500210881462,84478.68633651252,4,금요일,6,True,10~20,False
2023-06-03,170766.0,False,19.5,0.0,157705.0,-0.15461957732464027,70549.82878316102,5,토요일,6,False,10~20,False
2023-06-04,155376.0,False,18.8,0.0,179188.42857142858,-0.09012332665753131,23512.656158312715,6,일요일,6,False,10~20,False
2023-06-05,194306.0,False,18.8,0.0,186649.85714285713,0.25055349603542365,17217.085481468137,0,월요일,6,False,10~20,False
2023-06-06,167366.0,False,18.4,0.0,183614.0,-0.13864728829783945,18628.162773964716,1,화요일,6,False,10~20,False
2023-06-07,196585.0,False,20.0,0.4,183651.7142857143,0.17458145620974386,18658.419571462997,2,수요일,6,True,10~20,False
2023-06-08,169188.0,False,19.2,20.8,179369.42857142858,-0.13936465142304855,17930.523099425758,3,목요일,6,True,10~20,False
2023-06-09,193084.0,False,20.7,3.1,178095.85714285713,0.1412393313946616,16297.545975069906,4,금요일,6,True,20~30,False
2023-06-10,141922.0,False,21.1,26.1,173975.2857142857,-0.26497275797062414,21329.273317159452,5,토요일,6,True,20~30,False
2023-06-11,131271.0,False,20.2,15.5,170531.7142857143,-0.07504826594890146,26218.132089035087,6,일요일,6,True,20~30,False
2023-06-12,183371.0,False,20.9,0.7,168969.57142857142,0.3968888787317839,24855.88885862619,0,월요일,6,True,20~30,False
2023-06-13,203584.0,False,20.0,0.5,174143.57142857142,0.11023008000174506,28032.97628898941,1,화요일,6,True,10~20,False
2023-06-14,189563.0,False,19.9,2.7,173140.42857142858,-0.06887083464319399,27209.629268925662,2,수요일,6,True,10~20,False
2023-06-15,199265.0,False,20.5,0.9,177437.14285714287,0.051180873904717705,28809.208061709203,3,목요일,6,True,20~30,False
2023-06-16,200404.0,False,20.9,0.0,178482.85714285713,0.005716006323237988,29593.97623069347,4,금요일,6,False,20~30,False
2023-06-17,164879.0,False,21.4,0.0,181762.42857142858,-0.17726692081994366,25909.77970996742,5,토요일,6,False,20~30,False
2023-06-18,140332.0,False,23.1,0.0,183056.85714285713,-0.1488788748112252,23033.552855407448,6,일요일,6,False,20~30,False
2023-06-19,181878.0,False,26.3,0.0,182843.57142857142,0.2960550694068351,23037.071304436806,0,월요일,6,False,20~30,False
2023-06-20,161787.0,False,23.0,4.9,176872.57142857142,-0.1104641572922509,22165.603464656095,1,화요일,6,True,20~30,False
2023-06-21,93551.0,False,21.0,35.7,163156.57142857142,-0.42176441864921166,37444.22643015047,2,수요일,6,True,20~30,False
2023-06-22,192382.0,False,20.0,1.4,162173.2857142857,1.056439802888264,36414.19060253974,3,목요일,6,True,10~20,False
2023-06-23,196517.0,False,22.1,0.1,161618.0,0.021493694836315358,35757.76014610905,4,금요일,6,True,20~30,False
2023-06-24,155928.0,False,24.2,0.1,160339.2857142857,-0.2065419276703797,35781.74737541606,5,토요일,6,True,20~30,False
2023-06-25,133566.0,False,25.4,0.0,159372.7142857143,-0.14341234415884252,36496.52539495727,6,일요일,6,False,20~30,False
2023-06-26,59288.0,False,23.1,43.8,141859.85714285713,-0.5561145800577991,50589.09498244519,0,월요일,6,True,20~30,False
2023-06-27,179792.0,False,23.5,3.2,144432.0,2.0325192281743356,52203.103665714516,1,화요일,6,True,20~30,False
2023-06-28,185929.0,False,24.0,2.1,157628.85714285713,0.03413388804841144,48759.63113898138,2,수요일,6,True,20~30,False
2023-06-29,35326.0,False,23.1,45.8,135192.2857142857,-0.8100027429825364,63889.7742697382,3,목요일,6,True,20~30,False
2023-06-30,155252.0,False,24.0,10.7,129297.28571428571,3.3948366642133276,59005.41488912779,4,금요일,6,True,20~30,False
2023-07-01,138848.0,False,25.5,0.2,126857.28571428571,-0.10566047458325822,58066.31254785145,5,토요일,7,True,20~30,False
2023-07-02,132519.0,False,24.3,0.2,126707.71428571429,-0.045582219405392976,58047.49704254931,6,일요일,7,True,20~30,False
2023-07-03,171026.0,False,26.8,0.1,142670.2857142857,0.29057720025053,51400.61323471506,0,월요일,7,True,20~30,False
2023-07-04,79773.0,False,24.9,29.6,128381.85714285714,-0.5335621484452656,53230.741097692146,1,화요일,7,True,20~30,False
2023-07-05,171939.0,False,23.4,19.6,126383.28571428571,1.1553533150314017,50922.591279032895,2,수요일,7,True,20~30,False
2023-07-06,185517.0,False,25.1,0.0,147839.14285714287,0.07896986722035138,35453.14292334122,3,목요일,7,False,20~30,False
2023-07-07,191206.0,False,24.7,0.0,152975.42857142858,0.030665653282448524,39120.78707821519,4,금요일,7,False,20~30,False
2023-07-08,154423.0,False,23.8,0.5,155200.42857142858,-0.19237367028231334,38623.12075194142,5,토요일,7,True,20~30,False
2023-07-09,81833.0,False,23.7,37.3,147959.57142857142,-0.4700724632988609,47349.40166414337,6,일요일,7,True,20~30,False
2023-07-10,159154.0,False,24.8,6.2,146263.57142857142,0.9448633191988562,46592.05085940859,0,월요일,7,True,20~30,False
2023-07-11,56819.0,False,23.0,41.1,142984.42857142858,-0.642993578546565,52486.47610530149,1,화요일,7,True,20~30,False
2023-07-12,168418.0,False,24.8,2.8,142481.42857142858,1.9641141167567189,52178.71425800995,2,수요일,7,True,20~30,False
2023-07-13,41165.0,False,24.3,48.1,121859.71428571429,-0.7555783823581802,60238.251855207716,3,목요일,7,True,20~30,False
2023-07-14,24226.0,False,24.4,56.5,98005.42857142857,-0.41149034373861293,61253.745618416884,4,금요일,7,True,20~30,False
2023-07-15,69393.0,False,24.1,35.8,85858.28571428571,1.8644018822752413,56443.16501199629,5,토요일,7,True,20~30,False
2023-07-16,93350.0,False,23.6,1.7,87503.57142857143,0.34523655123715646,56474.122926219294,6,일요일,7,True,20~30,False
2023-07-17,147346.0,False,23.9,4.4,85816.71428571429,0.5784252811997856,54103.87123461169,0,월요일,7,True,20~30,False
2023-07-18,118187.0,False,23.8,15.5,94583.57142857143,-0.19789475112999333,53591.56769759331,1,화요일,7,True,20~30,False
2023-07-19,173226.0,False,25.2,0.1,95270.42857142857,0.465694196485231,54714.62797965817,2,수요일,7,True,20~30,False
2023-07-20,169877.0,False,25.6,0.0,113657.85714285714,-0.019333125512336458,55127.433404880496,3,목요일,7,False,20~30,False
2023-07-21,160865.0,False,27.1,0.1,133177.7142857143,-0.05305014804829378,40409.33676645498,4,금요일,7,True,20~30,False
2023-07-22,84758.0,False,26.3,10.4,135372.7142857143,-0.47311099369036147,36605.41801297685,5,토요일,7,True,20~30,False
2023-07-23,31837.0,False,24.6,44.3,126585.14285714286,-0.624377639868803,52365.582690123854,6,일요일,7,True,20~30,False
2023-07-24,161070.0,False,25.3,14.8,128545.71428571429,4.059207839934667,53516.680893949044,0,월요일,7,True,20~30,False
2023-07-25,158705.0,False,25.2,13.1,134334.0,-0.01468305705593842,54393.5667090635,1,화요일,7,True,20~30,False
2023-07-26,146479.0,False,24.8,30.4,130513.0,-0.07703601020761786,52097.142707958,2,수요일,7,True,20~30,False
2023-07-27,159895.0,False,25.7,2.3,129087.0,0.09158992073949168,50964.39405114132,3,목요일,7,True,20~30,False
2023-07-28,153268.0,False,27.1,2.2,128001.71428571429,-0.041445948903968244,50250.78992319196,4,금요일,7,True,20~30,False
2023-07-29,119933.0,False,27.6,0.2,133026.7142857143,-0.2174948456298771,46849.372598838185,5,토요일,7,True,20~30,False
2023-07-30,81868.0,False,27.6,0.1,140174.0,-0.31738554025997845,29409.33014084715,6,일요일,7,True,20~30,False
2023-07-31,145077.0,False,27.2,0.3,137889.2857142857,0.7720843308740899,28107.85582190092,0,월요일,7,True,20~30,False
2023-08-01,152764.0,False,28.1,0.3,137040.57142857142,0.052985655893077466,27456.72445174506,1,화요일,8,True,20~30,False
2023-08-02,153384.0,False,27.3,0.0,138027.0,0.004058547825403824,27971.541311363962,2,수요일,8,False,20~30,False
2023-08-03,152246.0,False,26.7,0.0,136934.2857142857,-0.0074192875397695035,27111.052805785737,3,목요일,8,False,20~30,False
2023-08-04,147761.0,False,27.8,0.0,136147.57142857142,-0.02945890204011925,26633.782400409982,4,금요일,8,False,20~30,False
2023-08-05,112326.0,False,27.9,0.0,135060.85714285713,-0.2398129411685086,27545.230963082002,5,토요일,8,False,20~30,False
2023-08-06,96077.0,False,28.2,11.0,137090.7142857143,-0.1446592952655663,23143.960045148626,6,일요일,8,True,20~30,False
2023-08-07,145554.0,False,28.2,3.5,137158.85714285713,0.5149723659148391,23172.07824393109,0,월요일,8,True,20~30,False
2023-08-08,153593.0,False,28.2,3.1,137277.2857142857,0.055230361240501846,23267.049846756163,1,화요일,8,True,20~30,False
2023-08-09,155572.0,False,27.0,2.5,137589.85714285713,0.0128847017767737,23532.6725740235,2,수요일,8,True,20~30,False
2023-08-10,9333.0,False,22.0,74.6,117173.71428571429,-0.9400084848173194,52662.45773386804,3,목요일,8,True,20~30,False
2023-08-11,47228.0,False,22.9,30.4,102811.85714285714,4.060323582985107,56499.24342097749,4,금요일,8,True,20~30,False
2023-08-12,102782.0,False,23.8,10.2,101448.42857142857,1.1762937240619973,56346.33448254694,5,토요일,8,True,20~30,False
2023-08-13,119034.0,False,25.7,0.2,104728.0,0.15812107178299706,56648.870853707325,6,일요일,8,True,20~30,False
2023-08-14,156353.0,False,26.9,0.2,106270.71428571429,0.3135154661693298,58075.07496254114,0,월요일,8,True,20~30,False
2023-08-15,132095.0,False,26.7,0.0,103199.57142857143,-0.15514892582809414,55674.28725739611,1,화요일,8,False,20~30,False
2023-08-16,169885.0,False,25.6,1.0,105244.28571428571,0.2860819864491464,58127.11169415502,2,수요일,8,True,20~30,False
2023-08-17,170943.0,False,26.4,0.1,128331.42857142857,0.006227742296259331,44080.985805889795,3,목요일,8,True,20~30,False
2023-08-18,161698.0,False,26.9,1.3,144684.2857142857,-0.054082354937025845,26840.424311811916,4,금요일,8,True,20~30,False
2023-08-19,134303.0,False,26.8,0.2,149187.2857142857,-0.16942077205654982,20544.58868505534,5,토요일,8,True,20~30,False
2023-08-20,122592.0,False,26.2,0.0,149695.57142857142,-0.08719834999962772,19700.934189839565,6,일요일,8,False,20~30,False
2023-08-21,163981.0,False,26.9,4.7,150785.2857142857,0.3376158313756199,20331.423222148118,0,월요일,8,True,20~30,False
2023-08-22,101681.0,False,25.8,24.1,146440.42857142858,-0.37992206414157736,27110.761183566756,1,화요일,8,True,20~30,False
2023-08-23,57844.0,False,24.1,62.5,130434.57142857143,-0.43112282530659607,40653.67391703229,2,수요일,8,True,20~30,False
2023-08-24,148749.0,False,24.3,14.0,127264.0,1.5715545259663926,37728.07324349705,3,목요일,8,True,20~30,False
2023-08-25,173593.0,False,24.8,1.3,128963.28571428571,0.16701961021586698,39751.11727031211,4,금요일,8,True,20~30,False
2023-08-26,149424.0,False,24.5,0.0,131123.42857142858,-0.13922796426123174,40493.56472682696,5,토요일,8,False,20~30,False
2023-08-27,126015.0,False,23.9,1.5,131612.42857142858,-0.15666158046900092,40393.91379014572,6,일요일,8,True,20~30,False
2023-08-28,66917.0,False,22.5,27.8,117746.14285714286,-0.46897591556560725,43935.3057211343,0,월요일,8,True,20~30,False
2023-08-29,63964.0,False,23.4,33.3,112358.0,-0.0441292944991557,48327.135276157365,1,화요일,8,True,20~30,False
2023-08-30,100739.0,False,22.2,3.0,118485.85714285714,0.5749327746857607,42648.64702202798,2,수요일,8,True,20~30,False
2023-08-31,187063.0,False,22.8,0.2,123959.28571428571,0.8569074539155639,49143.83705245356,3,목요일,8,True,20~30,False
2023-09-01,196234.0,False,22.5,0.0,127193.71428571429,0.04902626387901399,53506.38335038265,4,금요일,9,False,20~30,False
2023-09-02,167368.0,False,22.9,0.0,129757.14285714286,-0.14709989094652298,55153.4039790492,5,토요일,9,False,20~30,False
2023-09-03,136338.0,False,25.1,2.4,131231.85714285713,-0.1853998374838679,55174.67473829094,6,일요일,9,True,20~30,False
2023-09-04,178038.0,False,24.4,7.1,147106.2857142857,0.3058575012102276,49254.27253451997,0,월요일,9,True,20~30,False
2023-09-05,174696.0,False,25.8,2.7,162925.14285714287,-0.018771273548343625,33298.64649115427,1,화요일,9,True,20~30,False
2023-09-06,187670.0,False,25.7,0.3,175343.85714285713,0.07426615377570189,19657.14242057728,2,수요일,9,True,20~30,False
2023-09-07,131889.0,False,23.9,0.0,167461.85714285713,-0.2972291788778174,24612.07129593512,3,목요일,9,False,20~30,False
2023-09-08,196674.0,False,22.4,0.0,167524.7142857143,0.491208516252303,24698.210965670467,4,금요일,9,False,20~30,False
2023-09-09,167334.0,False,23.5,0.0,167519.85714285713,-0.1491808780011593,24698.250264803377,5,토요일,9,False,20~30,False
2023-09-10,153532.0,False,23.4,0.1,169976.14285714287,-0.08248174310062506,21760.591110449946,6,일요일,9,True,20~30,False
2023-09-11,199362.0,False,23.7,0.8,173022.42857142858,0.298504546283511,24408.728000841216,0,월요일,9,True,20~30,False
2023-09-12,201165.0,False,23.7,0.0,176803.7142857143,0.009043849881120725,26657.80889166932,1,화요일,9,False,20~30,False
2023-09-13,53263.0,False,21.5,19.2,157602.7142857143,-0.7352273009718391,52958.02703309575,2,수요일,9,True,20~30,False
2023-09-14,194667.0,False,21.9,0.1,166571.0,2.654826051855885,53192.84240070905,3,목요일,9,True,20~30,False
2023-09-15,116772.0,False,21.3,9.5,155156.42857142858,-0.400144862765646,54219.5745736942,4,금요일,9,True,20~30,False
2023-09-16,94644.0,False,22.7,25.3,144772.14285714287,-0.18949748227314767,58305.51809056781,5,토요일,9,True,20~30,False
2023-09-17,135100.0,False,22.8,12.4,142139.0,0.42745446092726436,58260.166208711365,6,일요일,9,True,20~30,False
2023-09-18,200344.0,False,22.7,1.3,142279.2857142857,0.4829311621021466,58421.87708873651,0,월요일,9,True,20~30,False
2023-09-19,202886.0,False,22.4,0.6,142525.14285714287,0.01268817633670083,58713.87922921517,1,화요일,9,True,20~30,False
2023-09-20,37782.0,False,20.6,39.4,140313.57142857142,-0.8137771950750667,62786.776972695894,2,수요일,9,True,20~30,False
2023-09-21,198839.0,False,18.9,0.0,140909.57142857142,4.262797099147742,63405.46802880954,3,목요일,9,False,10~20,False
2023-09-22,211000.0,False,18.1,0.0,154370.7142857143,0.06116003399735459,67309.17410158961,4,금요일,9,False,10~20,False
2023-09-23,186459.0,False,19.8,0.0,167487.14285714287,-0.11630805687203793,62504.989535312525,5,토요일,9,False,10~20,False
2023-09-24,167382.0,False,19.8,0.1,172098.85714285713,-0.10231203642623843,60887.12367003,6,일요일,9,True,10~20,False
2023-09-25,157395.0,False,19.7,1.3,165963.2857142857,-0.059665913897551714,59719.27332030061,0,월요일,9,True,10~20,False
2023-09-26,27143.0,False,19.7,14.7,140857.14285714287,-0.8275485244131008,76260.41531801541,1,화요일,9,True,10~20,False
2023-09-27,141358.0,False,20.9,2.8,155653.7142857143,4.207898905795233,61559.05263434536,2,수요일,9,True,20~30,False
2023-09-28,126058.0,False,21.0,0.9,145256.42857142858,-0.10823582676608323,59148.56199676982,3,목요일,9,True,20~30,False
2023-09-29,103986.0,False,19.1,0.0,129968.71428571429,-0.17509400434720523,52814.68538110186,4,금요일,9,False,10~20,False
2023-09-30,103695.0,False,18.8,3.9,118145.28571428571,-0.002798453637989695,47005.22558083066,5,토요일,9,True,10~20,False
2023-10-01,151020.0,False,16.1,0.0,115807.85714285714,0.45638651815420217,44488.191674602895,6,일요일,10,False,10~20,False
2023-10-02,171036.0,False,16.4,0.0,117756.57142857143,0.13253873659117987,46849.52879826075,0,월요일,10,False,10~20,False
2023-10-03,167059.0,False,15.8,0.0,137744.57142857142,-0.023252414696321222,27666.282787641092,1,화요일,10,False,10~20,False
2023-10-04,132537.0,False,16.2,1.2,136484.42857142858,-0.20664555636032778,27675.15562652526,2,수요일,10,True,10~20,False
2023-10-05,186080.0,False,13.1,0.0,145059.0,0.40398530221749396,32740.98552782648,3,목요일,10,False,10~20,False
2023-10-06,200078.0,False,13.6,0.0,158786.42857142858,0.07522570937231299,32794.39933310343,4,금요일,10,False,10~20,False
2023-10-07,176986.0,False,14.6,0.0,169256.57142857142,-0.1154149881546197,22292.10407189922,5,토요일,10,False,10~20,False
2023-10-08,141615.0,False,15.7,0.2,167913.0,-0.19985196569220165,23806.42444103422,6,일요일,10,True,10~20,False
2023-10-09,151130.0,False,15.6,0.2,165069.2857142857,0.0671892101825371,24548.537130307803,0,월요일,10,True,10~20,False
2023-10-10,195286.0,False,14.9,0.0,169101.7142857143,0.2921723019916629,27114.115479544962,1,화요일,10,False,10~20,False
2023-10-11,204173.0,False,15.2,0.0,179335.42857142858,0.045507614473131675,24395.92159806735,2,수요일,10,False,10~20,False
2023-10-12,201396.0,False,15.0,0.0,181523.42857142858,-0.013601210737952618,25750.83850969482,3,목요일,10,False,10~20,False
2023-10-13,203659.0,False,16.0,0.0,182035.0,0.011236568750124132,26212.31761341731,4,금요일,10,False,10~20,False
2023-10-14,111638.0,False,14.4,4.8,172699.57142857142,-0.45183861258279767,37511.5697479109,5,토요일,10,True,10~20,False
2023-10-15,159332.0,False,14.3,0.0,175230.57142857142,0.42722012218061955,35614.385781858575,6,일요일,10,False,10~20,False
2023-10-16,189744.0,False,12.0,0.0,180746.85714285713,0.1908718901413402,34222.563358251304,0,월요일,10,False,10~20,False
2023-10-17,191776.0,False,11.8,0.0,180245.42857142858,0.010709166034235551,33999.01557328362,1,화요일,10,False,10~20,False
2023-10-18,193924.0,False,12.8,0.0,178781.2857142857,0.011200567328550015,33002.94684173062,2,수요일,10,False,10~20,False
2023-10-19,118197.0,False,15.3,8.1,166895.7142857143,-0.39049833955570223,38090.527513255845,3,목요일,10,True,10~20,False
2023-10-20,170244.0,False,10.8,0.0,162122.14285714287,0.4403411254092744,34654.22694000735,4,금요일,10,False,10~20,False
2023-10-21,132500.0,False,9.0,0.0,165102.42857142858,-0.22170531707431684,30199.725759555946,5,토요일,10,False,0~10,False
2023-10-22,134066.0,False,10.2,0.0,161493.0,0.011818867924528353,32431.740743701594,6,일요일,10,False,10~20,False
2023-10-23,184120.0,False,12.7,0.7,160689.57142857142,0.37335342294093943,31676.09638122079,0,월요일,10,True,10~20,False
2023-10-24,187766.0,False,12.5,1.4,160116.7142857143,0.019802302845969955,31050.28254683205,1,화요일,10,True,10~20,False
2023-10-25,192778.0,False,13.8,0.1,159953.0,0.026692798483218372,30844.663714598584,2,수요일,10,True,10~20,False
2023-10-26,164556.0,False,14.3,7.8,166575.7142857143,-0.14639637303011754,24762.072272693586,3,목요일,10,True,10~20,False
2023-10-27,192266.0,False,13.3,0.5,169721.7142857143,0.16839252291013396,26633.98389097594,4,금요일,10,True,10~20,False
2023-10-28,160764.0,False,12.2,0.0,173759.42857142858,-0.16384592179584534,21744.260781925495,5,토요일,10,False,10~20,False
2023-10-29,147452.0,False,12.1,0.0,175671.7142857143,-0.08280460799681522,17924.805584387705,6,일요일,10,False,10~20,False
2023-10-30,186956.0,False,11.6,0.0,176076.85714285713,0.2679109133819819,18177.846035110753,0,월요일,10,False,10~20,False
2023-10-31,193108.0,False,12.3,0.0,176840.0,0.03290613834271161,18850.07328014052,1,화요일,10,False,10~20,False
2023-11-01,187987.0,False,17.0,6.5,176155.57142857142,-0.02651883919879028,18252.434740395107,2,수요일,11,True,10~20,False
2023-11-02,202591.0,False,17.8,0.0,181589.14285714287,0.07768622298350425,19818.022861598893,3,목요일,11,False,10~20,False
2023-11-03,160432.0,False,16.8,11.9,177041.42857142858,-0.20809907646440362,20596.851133584678,4,금요일,11,True,10~20,False
2023-11-04,161023.0,False,16.4,2.0,177078.42857142858,0.003683803729929158,20562.941787409258,5,토요일,11,True,10~20,False
2023-11-05,59274.0,False,15.8,31.0,164481.57142857142,-0.6318910963030127,49034.68143690803,6,일요일,11,True,10~20,False
2023-11-06,47700.0,False,13.9,34.9,144587.85714285713,-0.19526267840874578,64276.63690494033,0,월요일,11,True,10~20,False
2023-11-07,138377.0,False,4.5,0.1,136769.14285714287,1.9009853249475892,60615.400604765506,1,화요일,11,True,0~10,False
2023-11-08,159097.0,False,6.2,0.0,132642.0,0.1497358665096078,57447.64558564041,2,수요일,11,False,0~10,False
2023-11-09,134271.0,False,10.4,3.6,122882.0,-0.1560431686329723,48724.36033443662,3,목요일,11,True,10~20,False
2023-11-10,129657.0,False,2.3,0.0,118485.57142857143,-0.034363339812766736,46088.64244712648,4,금요일,11,False,0~10,False
2023-11-11,87798.0,False,-0.1,0.0,108024.85714285714,-0.322844119484486,43033.48731483675,5,토요일,11,False,<=0,False
2023-11-12,68275.0,False,-0.8,0.0,109310.71428571429,-0.2223626961889793,41438.94555734722,6,일요일,11,False,<=0,False
2023-11-13,117868.0,False,-0.7,0.0,119334.71428571429,0.7263712925668253,31297.231627916393,0,월요일,11,False,<=0,False
2023-11-14,136266.0,False,2.6,0.0,119033.14285714286,0.15608986323684126,31092.666388440844,1,화요일,11,False,0~10,False
2023-11-15,147369.0,False,4.4,0.0,117357.71428571429,0.08148033992338521,28805.908373771475,2,수요일,11,False,0~10,False
2023-11-16,58048.0,False,5.1,9.5,106468.71428571429,-0.6061044045898392,35072.00419952437,3,목요일,11,True,0~10,False
2023-11-17,106103.0,False,0.6,0.5,103103.85714285714,0.8278493660418964,33574.43019833523,4,금요일,11,True,0~10,False
2023-11-18,74022.0,False,-1.3,0.0,101135.85714285714,-0.30235714353034315,34994.82857713244,5,토요일,11,False,<=0,False
2023-11-19,84580.0,False,3.8,0.2,103465.14285714286,0.1426332711896463,32924.4327535477,6,일요일,11,True,0~10,False
2023-11-20,133538.0,False,3.0,0.0,105703.71428571429,0.578836604398203,34559.04527382262,0,월요일,11,False,0~10,False
2023-11-21,142667.0,False,3.8,0.0,106618.14285714286,0.06836256346508107,35572.32910296359,1,화요일,11,False,0~10,False
2023-11-22,148945.0,False,5.7,0.0,106843.28571428571,0.04400457008278025,35876.91746194835,2,수요일,11,False,0~10,False
2023-11-23,131152.0,False,8.9,0.4,117286.71428571429,-0.11946020343079655,29352.446006618444,3,목요일,11,True,0~10,False
2023-11-24,99893.0,False,-2.8,0.0,116399.57142857143,-0.23834177137977308,29836.647470614673,4,금요일,11,False,<=0,False
2023-11-25,70554.0,False,-3.5,0.0,115904.14285714286,-0.2937042635620114,30674.617375655722,5,토요일,11,False,<=0,False
2023-11-26,71061.0,False,1.6,0.0,113972.85714285714,0.0071859852028233195,33289.6114697896,6,일요일,11,False,0~10,False
2023-11-27,77697.0,False,5.3,3.6,105995.57142857143,0.09338455692996162,34488.82131868828,0,월요일,11,True,0~10,False
2023-11-28,109150.0,False,-0.8,0.0,101207.42857142857,0.4048161447674943,30663.619425725698,1,화요일,11,False,<=0,False
2023-11-29,100192.0,False,-2.7,0.1,94242.71428571429,-0.08207054512139256,22450.501076177767,2,수요일,11,True,<=0,False
2023-11-30,88350.0,False,-5.3,0.0,88128.14285714286,-0.11819306930693074,15464.275038818441,3,목요일,11,False,<=0,False
2023-12-01,92493.0,False,-4.1,0.0,87071.0,0.04689303904923592,14763.017261613551,4,금요일,12,False,<=0,False
2023-12-02,72805.0,False,-0.1,0.2,87392.57142857143,-0.21285935151849333,14362.356362580173,5,토요일,12,True,<=0,False
2023-12-03,64171.0,False,-1.6,0.0,86408.28571428571,-0.11859075612938674,15829.314090366071,6,일요일,12,False,<=0,False
2023-12-04,109554.0,False,-0.5,0.0,90959.28571428571,0.7072197721712299,17408.137423959524,0,월요일,12,False,<=0,False
2023-12-05,124074.0,False,4.1,0.0,93091.28571428571,0.13253737882688,20624.11104924184,1,화요일,12,False,0~10,False
2023-12-06,88354.0,False,4.6,11.1,91400.14285714286,-0.28789270918967713,20429.250772920885,2,수요일,12,True,0~10,False
2023-12-07,120227.0,False,4.0,0.0,95954.0,0.3607420150757181,23024.069796628697,3,목요일,12,False,0~10,False
2023-12-08,131896.0,False,9.1,0.0,101583.0,0.0970580651600721,26579.11490876551,4,금요일,12,False,0~10,False
2023-12-09,104904.0,False,10.7,0.2,106168.57142857143,-0.2046460847940802,23360.791923343273,5,토요일,12,True,10~20,False
2023-12-10,90687.0,False,7.7,0.1,109956.57142857143,-0.13552390757263788,16582.11906298686,6,일요일,12,True,0~10,False
2023-12-11,21196.0,False,7.8,14.3,97334.0,-0.7662730049510955,37445.008225396734,0,월요일,12,True,0~10,False
2023-12-12,107450.0,False,4.0,0.8,94959.14285714286,4.069352708058124,35964.32972835103,1,화요일,12,True,0~10,False
2023-12-13,122098.0,False,4.2,0.6,99779.71428571429,0.13632387156817116,37172.62068025503,2,수요일,12,True,0~10,False
2023-12-14,32536.0,False,6.5,19.8,87252.42857142857,-0.7335255286736884,43389.54900225491,3,목요일,12,True,0~10,False
2023-12-15,29494.0,False,4.5,18.9,72623.57142857143,-0.09349643471846569,43090.75915575271,4,금요일,12,True,0~10,False
2023-12-16,35059.0,False,-4.0,0.4,62645.71428571428,0.18868244388689215,42452.02914943883,5,토요일,12,True,<=0,False
2023-12-17,29901.0,False,-10.3,0.0,53962.0,-0.1471234205196954,41974.4029657764,6,일요일,12,False,<=0,False
2023-12-18,62249.0,False,-7.7,0.0,59826.71428571428,1.081836727868633,39423.77143177457,0,월요일,12,False,<=0,False
2023-12-19,66154.0,False,-4.3,0.0,53927.28571428572,0.06273193143664968,33798.019970181784,1,화요일,12,False,<=0,False
2023-12-20,42819.0,False,-7.6,0.1,42601.71428571428,-0.35273755177313537,15449.404904552493,2,수요일,12,True,<=0,False
2023-12-21,45353.0,False,-11.8,0.0,44432.71428571428,0.05917933627595229,14803.646585829565,3,목요일,12,False,<=0,False
2023-12-22,46935.0,False,-12.0,0.0,46924.28571428572,0.034881926223182536,13257.252514685782,4,금요일,12,False,<=0,False
2023-12-23,41327.0,False,-7.9,0.0,47819.71428571428,-0.11948439330989669,12513.063316849137,5,토요일,12,False,<=0,False
2023-12-24,27591.0,False,-3.5,0.6,47489.71428571428,-0.3323735088440971,13081.913605106694,6,일요일,12,True,<=0,False
2023-12-25,27330.0,False,-2.7,0.5,42501.28571428572,-0.009459606393389164,13173.239347435037,0,월요일,12,True,<=0,False
2023-12-26,74783.0,False,-0.8,0.0,43734.0,1.7362971094035857,15880.945091525517,1,화요일,12,False,<=0,False
2023-12-27,82145.0,False,-0.9,0.0,49352.0,0.09844483371889323,21474.25097646124,2,수요일,12,False,<=0,False
2023-12-28,82354.0,False,-0.4,0.0,54637.857142857145,0.002544281453527253,24645.54974316665,3,목요일,12,False,<=0,False
2023-12-29,84168.0,False,-0.1,0.0,59956.857142857145,0.022026859654661557,26642.921933280897,4,금요일,12,False,<=0,False
2023-12-30,15214.0,False,-0.8,11.4,56226.42857142857,-0.8192424674460603,31135.48549408577,5,토요일,12,True,<=0,False
2023-12-31,29130.0,False,1.4,2.2,56446.28571428572,0.9146838438280531,30904.155743817682,6,일요일,12,True,0~10,False
2024-01-01,46628.0,False,0.7,0.0,59203.142857142855,0.6006865774116033,28652.631830419476,0,월요일,1,False,0~10,False
2024-01-02,86401.0,False,1.0,0.1,60862.857142857145,0.8529853307025821,30009.85612777187,1,화요일,1,True,0~10,False
2024-01-03,71808.0,False,-0.2,0.1,59386.142857142855,-0.168898508119119,29026.282747587582,2,수요일,1,True,<=0,False
2024-01-04,90108.0,False,-0.6,0.0,60493.857142857145,0.254846256684492,30174.13729464744,3,목요일,1,False,<=0,False
2024-01-05,94927.0,False,2.6,0.6,62030.857142857145,0.05348026812269713,31810.66664096966,4,금요일,1,True,0~10,False
2024-01-06,57180.0,False,-1.9,0.4,68026.0,-0.39764239889599373,24669.92639497277,5,토요일,1,True,<=0,False
2024-01-07,31453.0,False,-5.5,0.0,68357.85714285714,-0.44993004547044424,24067.77312388701,6,일요일,1,False,<=0,False
2024-01-08,64954.0,False,-6.1,0.0,70975.85714285714,1.065113025784504,22237.237174228663,0,월요일,1,False,<=0,False
2024-01-09,38225.0,False,-1.2,2.4,64093.57142857143,-0.41150660467407707,24048.87702754032,1,화요일,1,True,<=0,False
2024-01-10,68182.0,False,-2.8,0.0,63575.57142857143,0.7837017658600391,23893.56778756764,2,수요일,1,False,<=0,False
2024-01-11,81574.0,False,-1.4,0.0,62356.42857142857,0.19641547622539668,22490.68321814814,3,목요일,1,False,<=0,False
2024-01-12,83980.0,False,-2.1,0.0,60792.57142857143,0.02949469193615606,20102.247650924284,4,금요일,1,False,<=0,False
2024-01-13,64103.0,False,-2.9,0.0,61781.57142857143,-0.236687306501548,20065.158782138355,5,토요일,1,False,<=0,False
2024-01-14,29012.0,False,-2.1,2.7,61432.857142857145,-0.5474158775720326,20691.523775278132,6,일요일,1,True,<=0,False
2024-01-15,69544.0,False,-5.0,0.0,62088.57142857143,1.3970770715565974,20893.449530552803,0,월요일,1,False,<=0,False
2024-01-16,78773.0,False,-3.9,0.0,67881.14285714286,0.13270735074197626,18678.152696208963,1,화요일,1,False,<=0,False
2024-01-17,36751.0,False,-1.6,7.7,63391.0,-0.5334568951290417,22064.700043282763,2,수요일,1,True,<=0,False
2024-01-18,75781.0,False,2.7,1.0,62563.42857142857,1.0620119180430465,21366.65009508409,3,목요일,1,True,0~10,False
2024-01-19,90533.0,False,3.2,0.0,63499.57142857143,0.19466620920811284,22570.98161989763,4,금요일,1,False,0~10,False
2024-01-20,41784.0,False,1.7,2.2,60311.142857142855,-0.5384666364750974,24002.550721598327,5,토요일,1,True,0~10,False
2024-01-21,36990.0,False,0.6,0.1,61450.857142857145,-0.11473291211947156,22404.915260039856,6,일요일,1,True,0~10,False
2024-01-22,48141.0,False,-8.6,0.0,58393.28571428572,0.3014598540145985,22576.143387171756,0,월요일,1,False,<=0,False
2024-01-23,43598.0,False,-12.3,0.0,53368.28571428572,-0.09436862549593905,21153.828855272055,1,화요일,1,False,<=0,False
2024-01-24,50773.0,False,-8.9,0.0,55371.42857142857,0.16457176934721773,19947.514906685137,2,수요일,1,False,<=0,False
2024-01-25,62375.0,False,-6.0,0.0,53456.28571428572,0.22850727749000455,18231.132289890113,3,목요일,1,False,<=0,False
2024-01-26,75067.0,False,-3.6,0.0,51246.857142857145,0.2034789579158316,13243.956576853074,4,금요일,1,False,<=0,False
2024-01-27,57701.0,False,-2.4,0.0,53520.71428571428,-0.23134000293071522,12703.881463479598,5,토요일,1,False,<=0,False
2024-01-28,48386.0,False,-3.1,0.0,55148.71428571428,-0.16143567702466166,10823.429165694517,6,일요일,1,False,<=0,False
2024-01-29,78804.0,False,-2.4,0.0,59529.142857142855,0.6286529161327656,13410.363622073563,0,월요일,1,False,<=0,False
2024-01-30,86601.0,False,-0.6,0.0,65672.42857142857,0.09894167808740684,14685.20534253514,1,화요일,1,False,<=0,False
2024-01-31,93214.0,False,1.6,0.0,71735.42857142857,0.07636170483019833,16192.369281622156,2,수요일,1,False,0~10,False
2024-02-01,91544.0,False,0.1,0.0,75902.42857142857,-0.01791576372647885,17109.313222698904,3,목요일,2,False,0~10,False
2024-02-02,94974.0,False,1.0,0.0,78746.28571428571,0.03746832124442889,18541.78086299874,4,금요일,2,False,0~10,False
2024-02-03,67695.0,False,1.4,1.4,80174.0,-0.28722597763598456,16969.306183028544,5,토요일,2,True,0~10,False
2024-02-04,72953.0,False,4.1,0.0,83683.57142857143,0.077671910776276,10670.757312350606,6,일요일,2,False,0~10,False
2024-02-05,28210.0,False,1.4,7.6,76455.85714285714,-0.6133126807670692,23703.088064840034,0,월요일,2,True,0~10,False
2024-02-06,75271.0,False,0.5,1.0,74837.28571428571,1.6682382133995035,23277.885970124822,1,화요일,2,True,0~10,False
2024-02-07,83375.0,False,-1.4,0.0,73431.71428571429,0.10766430630654567,22258.02990469135,2,수요일,2,False,<=0,False
2024-02-08,87766.0,False,-1.7,0.0,72892.0,0.05266566716641674,21786.452916129,3,목요일,2,False,<=0,False
2024-02-09,46882.0,False,-1.2,0.0,66021.71428571429,-0.46582959232504617,21238.31749232512,4,금요일,2,False,<=0,False
2024-02-10,34185.0,False,-0.9,0.0,61234.57142857143,-0.2708288895524935,24347.334261045715,5,토요일,2,False,<=0,False
2024-02-11,42844.0,False,-1.7,0.0,56933.28571428572,0.25329823021793185,24590.446150991364,6,일요일,2,False,<=0,False
2024-02-12,65447.0,False,0.1,0.0,62252.857142857145,0.5275651199701241,21124.67577209726,0,월요일,2,False,0~10,False
2024-02-13,105499.0,False,5.6,0.0,66571.14285714286,0.6119761028007396,26607.44020901356,1,화요일,2,False,0~10,False
2024-02-14,123164.0,False,9.3,1.0,72255.28571428571,0.16744234542507508,34014.582048068754,2,수요일,2,True,0~10,False
2024-02-15,56314.0,False,4.4,8.6,67762.14285714286,-0.5427722386411613,33700.08594167426,3,목요일,2,True,0~10,False
2024-02-16,99958.0,False,-0.1,0.0,75344.42857142857,0.7750115424228434,34186.57194892588,4,금요일,2,False,<=0,False
2024-02-17,89419.0,False,1.2,0.0,83235.0,-0.10543428239860742,29098.961573683388,5,토요일,2,False,0~10,False
2024-02-18,39094.0,False,4.0,8.5,82699.28571428571,-0.5627998523803666,29987.45142952517,6,일요일,2,True,0~10,False
2024-02-19,39918.0,False,8.8,8.6,79052.28571428571,0.02107740318207396,33751.48451408914,0,월요일,2,True,0~10,False
2024-02-20,54441.0,False,2.8,2.0,71758.28571428571,0.36382083270704935,32580.27490529816,1,화요일,2,True,0~10,False
2024-02-21,9619.0,False,1.7,15.3,55537.57142857143,-0.8233133116584926,30945.673477118333,2,수요일,2,True,0~10,False
2024-02-22,29138.0,False,-0.6,5.7,51655.28571428572,2.0292130159060195,32497.789092564544,3,목요일,2,True,<=0,False
2024-02-23,75743.0,False,0.6,0.2,48196.0,1.5994577527627154,27385.93600128929,4,금요일,2,True,0~10,False
2024-02-24,55705.0,False,0.6,2.1,43379.71428571428,-0.26455249990098095,21192.019093001567,5,토요일,2,True,0~10,False
2024-02-25,49385.0,False,1.7,2.1,44849.857142857145,-0.1134548065703258,21202.110385751013,6,일요일,2,True,0~10,False
2024-02-26,98027.0,False,1.8,0.0,53151.142857142855,0.9849549458337552,28920.243212605168,0,월요일,2,False,0~10,False
2024-02-27,104192.0,False,2.2,0.0,60258.42857142857,0.06289083619819036,34804.67784583595,1,화요일,2,False,0~10,False
2024-02-28,108938.0,False,3.9,0.0,74446.85714285714,0.04555052211302213,30725.564846604455,2,수요일,2,False,0~10,False
2024-02-29,102015.0,False,2.8,0.1,84857.85714285714,-0.06354990912262015,24538.233870354758,3,목요일,2,True,0~10,False
2024-03-01,45204.0,False,-4.9,0.0,80495.14285714286,-0.5568886928392883,28777.49225482003,4,금요일,3,False,<=0,False
2024-03-02,54616.0,False,-2.0,3.6,80339.57142857143,0.20821166268471814,28936.349106600926,5,토요일,3,True,<=0,False
2024-03-03,65373.0,False,1.6,0.4,82623.57142857143,0.1969569356964993,26624.456093707344,6,일요일,3,True,0~10,False
2024-03-04,108123.0,False,2.1,0.0,84065.85714285714,0.6539396998760956,27843.502841349284,0,월요일,3,False,0~10,False
2024-03-05,110781.0,False,5.3,0.6,85007.14285714286,0.02458311367609123,28734.41317438422,1,화요일,3,True,0~10,False
2024-03-06,116840.0,False,4.0,0.0,86136.0,0.054693494371778506,29960.317210159305,2,수요일,3,False,0~10,False
2024-03-07,98089.0,False,2.6,2.1,85575.14285714286,-0.16048442314275935,29648.646081671675,3,목요일,3,True,0~10,False
2024-03-08,99708.0,False,0.1,0.0,93361.42857142857,0.016505418548460993,23873.898039890333,4,금요일,3,False,0~10,False
2024-03-09,78186.0,False,-0.6,0.0,96728.57142857143,-0.2158502828258515,18571.931714796883,5,토요일,3,False,<=0,False
2024-03-10,81205.0,False,1.7,0.0,98990.28571428571,0.038613050929833914,14671.411176324922,6,일요일,3,False,0~10,False
2024-03-11,114642.0,False,3.8,0.4,99921.57142857143,0.41176035958376955,15529.544282401761,0,월요일,3,True,0~10,False
2024-03-12,79702.0,False,4.6,1.7,95481.71428571429,-0.3047748643603566,16329.51332929,1,화요일,3,True,0~10,False
2024-03-13,120871.0,False,3.6,0.0,96057.57142857143,0.5165365988306441,17253.193973457357,2,수요일,3,False,0~10,False
2024-03-14,126960.0,False,5.0,0.0,100182.0,0.05037602071630087,20887.76845428993,3,목요일,3,False,0~10,False
2024-03-15,130984.0,False,5.3,0.0,104650.0,0.03169502205419028,23897.665806518176,4,금요일,3,False,0~10,False
2024-03-16,118337.0,False,7.5,0.0,110385.85714285714,-0.09655377756061811,21147.422454668478,5,토요일,3,False,0~10,False
2024-03-17,87958.0,False,7.0,0.1,111350.57142857143,-0.2567159890820284,19698.783785276526,6,일요일,3,True,0~10,False
2024-03-18,123585.0,False,4.0,0.0,112628.14285714286,0.40504558994065354,20230.648839723748,0,월요일,3,False,0~10,False
2024-03-19,102650.0,False,5.3,0.7,115906.42857142857,-0.16939758061253385,15252.744374452923,1,화요일,3,True,0~10,False
2024-03-20,112271.0,False,3.2,0.0,114677.85714285714,0.09372625426205561,15132.09019962373,2,수요일,3,False,0~10,False
2024-03-21,122109.0,False,3.0,0.0,113984.85714285714,0.08762725904285174,14576.751071811193,3,목요일,3,False,0~10,False
2024-03-22,81659.0,False,7.8,16.3,106938.42857142857,-0.33126141398258935,16749.70210538309,4,금요일,3,True,0~10,False
2024-03-23,123505.0,False,10.5,1.3,107676.71428571429,0.5124481073733453,17435.70819433848,5,토요일,3,True,10~20,False
2024-03-24,142056.0,False,11.9,0.0,115405.0,0.1502044451641633,19144.3913196535,6,일요일,3,False,10~20,False
2024-03-25,58731.0,False,8.7,2.5,106140.14285714286,-0.5865644534549754,28116.46357817577,0,월요일,3,True,0~10,False
2024-03-26,87493.0,False,6.1,12.4,103974.85714285714,0.48972433638112745,28999.795254614335,1,화요일,3,True,0~10,False
2024-03-27,141397.0,False,7.6,0.0,108135.71428571429,0.6160950018858651,32291.202138840472,2,수요일,3,False,0~10,False
2024-03-28,88262.0,False,8.8,3.0,103300.42857142857,-0.37578590776324816,32384.10696549172,3,목요일,3,True,0~10,False
2024-03-29,91985.0,False,7.1,5.0,104775.57142857143,0.04218123314676747,31455.888351029113,4,금요일,3,True,0~10,False
2024-03-30,111705.0,False,6.4,1.0,103089.85714285714,0.21438277980105447,30589.13622202419,5,토요일,3,True,0~10,False
2024-03-31,126243.0,False,7.2,0.0,100830.85714285714,0.13014636766483156,27677.179820378253,6,일요일,3,False,0~10,False
2024-04-01,150002.0,False,8.9,0.0,113869.57142857143,0.188200533890988,25985.587427503076,0,월요일,4,False,0~10,False
2024-04-02,167903.0,False,11.6,0.0,125356.71428571429,0.11933840882121571,29865.56336158391,1,화요일,4,False,10~20,False
2024-04-03,152464.0,False,12.6,0.5,126937.71428571429,-0.09195190079986659,31122.683301810317,2,수요일,4,True,10~20,False
2024-04-04,169116.0,False,12.9,0.0,138488.2857142857,0.10921922552209051,29328.64215355777,3,목요일,4,False,10~20,False
2024-04-05,175780.0,False,11.8,0.1,150459.0,0.03940490550864495,23755.86198534332,4,금요일,4,True,10~20,False
2024-04-06,160694.0,False,9.8,0.0,157457.42857142858,-0.08582318807600409,16563.426395296105,5,토요일,4,False,0~10,False
2024-04-07,155134.0,False,11.8,0.0,161584.7142857143,-0.03459992283470448,9642.777274801998,6,일요일,4,False,10~20,False
2024-04-08,165760.0,False,13.3,0.0,163835.85714285713,0.06849562313870594,8222.92681933866,0,월요일,4,False,10~20,False
2024-04-09,175200.0,False,12.2,0.0,164878.2857142857,0.05694980694980689,9225.821042312178,1,화요일,4,False,10~20,False
2024-04-10,153280.0,False,11.7,0.0,164994.85714285713,-0.12511415525114156,9046.226311352082,2,수요일,4,False,10~20,False
2024-04-11,159020.0,False,12.8,0.5,163552.57142857142,0.03744780793319413,9084.41014150375,3,목요일,4,True,10~20,False
2024-04-12,178590.0,False,14.1,0.0,163954.0,0.12306628097094707,9752.309811868934,4,금요일,4,False,10~20,False
2024-04-13,162840.0,False,16.1,0.0,164260.57142857142,-0.08819082815387203,9666.098607283222,5,토요일,4,False,10~20,False
2024-04-14,147697.0,False,18.0,0.0,163198.14285714287,-0.09299312208302624,11133.710708603212,6,일요일,4,False,10~20,False
2024-04-15,62443.0,False,14.9,19.1,148438.57142857142,-0.5772222861669499,39505.016862238226,0,월요일,4,True,10~20,False
2024-04-16,121310.0,False,11.6,0.8,140740.0,0.9427317713754944,38662.61643586322,1,화요일,4,True,10~20,False
2024-04-17,163251.0,False,11.9,0.0,142164.42857142858,0.3457340697386859,39378.6702029461,2,수요일,4,False,10~20,False
2024-04-18,170395.0,False,14.7,0.0,143789.42857142858,0.04376083454312685,40411.31958109916,3,목요일,4,False,10~20,False
2024-04-19,176559.0,False,14.4,0.0,143499.2857142857,0.036174770386455,40126.10177392569,4,금요일,4,False,10~20,False
2024-04-20,41458.0,False,13.1,5.7,126159.0,-0.7651889736575309,54151.310328867876,5,토요일,4,True,10~20,False
2024-04-21,129191.0,False,15.8,0.1,123515.28571428571,2.116189878913599,53370.668388526996,6,일요일,4,True,10~20,False
2024-04-22,176577.0,False,16.9,0.0,139820.14285714287,0.36679025628720274,48845.59403681706,0,월요일,4,False,10~20,False
2024-04-23,151845.0,False,15.5,1.2,144182.2857142857,-0.1400635416843643,48277.196323986915,1,화요일,4,True,10~20,False
2024-04-24,109248.0,False,12.8,12.1,136467.57142857142,-0.2805294873061346,49031.10721388069,2,수요일,4,True,10~20,False
2024-04-25,170659.0,False,12.7,0.0,136505.2857142857,0.5621247070884592,49061.645354643144,3,목요일,4,False,10~20,False
2024-04-26,180700.0,False,15.1,0.0,137096.85714285713,0.05883662742662277,49646.57308559043,4,금요일,4,False,10~20,False
2024-04-27,161805.0,False,15.5,0.0,154289.2857142857,-0.10456557830658553,26404.97882795539,5,토요일,4,False,10~20,False
2024-04-28,147985.0,False,17.5,0.0,156974.14285714287,-0.0854114520564877,24299.171141067076,6,일요일,4,False,10~20,False
2024-04-29,180040.0,False,18.0,0.0,157468.85714285713,0.2166097915329257,24794.982257361407,0,월요일,4,False,10~20,False
2024-04-30,182958.0,False,16.0,0.0,161913.57142857142,0.01620750944234617,26358.196415645038,1,화요일,4,False,10~20,False
2024-05-01,181443.0,False,16.3,0.2,172227.14285714287,-0.008280588987636506,13112.811717662353,2,수요일,5,True,10~20,False
2024-05-02,186109.0,False,16.1,0.0,174434.2857142857,0.02571606510033453,14070.190210918752,3,목요일,5,False,10~20,False
2024-05-03,190519.0,False,17.4,0.0,175837.0,0.023695791176138625,15239.78959828531,4,금요일,5,False,10~20,False
2024-05-04,157017.0,False,19.1,0.0,175153.0,-0.17584597861630602,16059.926867828672,5,토요일,5,False,10~20,False
2024-05-05,14293.0,False,17.2,66.8,156054.14285714287,-0.9089716400135017,63419.24323218361,6,일요일,5,True,10~20,False
2024-05-06,25675.0,False,13.7,6.2,134002.0,0.7963338697264395,78688.5453226835,0,월요일,5,True,10~20,False
2024-05-07,73352.0,False,13.1,1.9,118344.0,1.8569425511197664,78227.06778560317,1,화요일,5,True,10~20,False
2024-05-08,176786.0,False,13.3,0.2,117678.71428571429,1.4101047006216598,77618.43652705703,2,수요일,5,True,10~20,False
2024-05-09,177956.0,False,14.0,0.0,116514.0,0.006618171122147576,76473.17763765293,3,목요일,5,False,10~20,False
2024-05-10,189095.0,False,15.1,0.0,116310.57142857143,0.06259412439029877,76245.05802751459,4,금요일,5,False,10~20,False
2024-05-11,62198.0,False,15.8,16.2,102765.0,-0.6710753853882969,76230.60711201695,5,토요일,5,True,10~20,False
2024-05-12,146932.0,False,15.2,0.0,121713.42857142857,1.3623267629184217,66428.86076060917,6,일요일,5,False,10~20,False
2024-05-13,182540.0,False,16.0,0.0,144122.7142857143,0.24234339694552576,53910.45148736417,0,월요일,5,False,10~20,False
2024-05-14,192269.0,False,16.1,0.0,161110.85714285713,0.053297907307987336,46056.87158441041,1,화요일,5,False,10~20,False
2024-05-15,54567.0,False,12.3,22.7,143651.0,-0.7161944983330646,60137.85501107725,2,수요일,5,True,10~20,False
2024-05-16,171721.0,False,11.6,3.4,142760.2857142857,2.1469752780984845,59588.74041213472,3,목요일,5,True,10~20,False
2024-05-17,190748.0,False,15.0,0.0,142996.42857142858,0.11080182388874982,59805.84215291231,4,금요일,5,False,10~20,False
2024-05-18,169969.0,False,17.5,0.0,158392.2857142857,-0.10893430075282573,48305.17426292387,5,토요일,5,False,10~20,False
2024-05-19,152135.0,False,18.1,0.0,159135.57142857142,-0.10492501573816404,48139.18591562452,6,일요일,5,False,10~20,False
2024-05-20,178259.0,False,17.5,2.1,158524.0,0.17171591021132548,47818.41944620658,0,월요일,5,True,10~20,False
2024-05-21,186302.0,False,18.9,0.0,157671.57142857142,0.04511974149972797,47165.33551899172,1,화요일,5,False,10~20,False
2024-05-22,186678.0,False,17.8,0.0,176544.57142857142,0.0020182284677565665,13322.303315082616,2,수요일,5,False,10~20,False
2024-05-23,185658.0,False,17.6,0.0,178535.57142857142,-0.005463953974222946,13521.228776226706,3,목요일,5,False,10~20,False
2024-05-24,189921.0,False,18.8,0.0,178417.42857142858,0.02296157450796632,13399.804934614827,4,금요일,5,False,10~20,False
2024-05-25,167431.0,False,19.9,0.0,178054.85714285713,-0.11841765786827152,13697.530768093593,5,토요일,5,False,10~20,False
2024-05-26,62695.0,False,18.5,7.1,165277.7142857143,-0.6255472403557286,45860.3025201329,6,일요일,5,True,10~20,False
2024-05-27,179257.0,False,17.6,0.0,165420.2857142857,1.8591913230720154,45908.910622791314,0,월요일,5,False,10~20,False
2024-05-28,193347.0,False,17.8,0.0,166426.7142857143,0.07860223031736546,46516.18631800592,1,화요일,5,False,10~20,False
2024-05-29,189821.0,False,18.8,0.0,166875.7142857143,-0.018236641892555916,46758.77878614284,2,수요일,5,False,10~20,False
2024-05-30,187451.0,False,18.7,0.0,167131.85714285713,-0.012485446815684198,46883.560059039206,3,목요일,5,False,10~20,False
2024-05-31,186899.0,False,18.7,0.3,166700.14285714287,-0.0029447695664467366,46652.08013736225,4,금요일,5,True,10~20,False
2024-06-01,167886.0,False,19.7,1.7,166765.14285714287,-0.10172874119176667,46653.58510135675,5,토요일,6,True,10~20,False
2024-06-02,154185.0,False,19.0,0.0,179835.14285714287,-0.08160894892963078,14090.381334189302,6,일요일,6,False,10~20,False
2024-06-03,187325.0,False,20.6,0.0,180987.7142857143,0.2149366021338004,14362.554562870833,0,월요일,6,False,20~30,False
2024-06-04,194258.0,False,21.2,0.0,181117.85714285713,0.03701054317362873,14496.711241158699,1,화요일,6,False,20~30,False
2024-06-05,193174.0,False,22.4,0.0,181596.85714285713,-0.005580207764931178,14882.470778610776,2,수요일,6,False,20~30,False
2024-06-06,150192.0,False,22.5,0.2,176274.14285714287,-0.22250406369387188,18630.631904014157,3,목요일,6,True,20~30,False
2024-06-07,176158.0,False,21.0,0.0,174739.7142857143,0.172885373388729,18042.76066011264,4,금요일,6,False,20~30,False
2024-06-08,108169.0,False,19.4,15.8,166208.7142857143,-0.38595465434439535,31167.52622904339,5,토요일,6,True,10~20,False
2024-06-09,144226.0,False,20.8,0.0,164786.0,0.3333394965285803,32023.401229934112,6,일요일,6,False,20~30,False
2024-06-10,184822.0,False,22.4,0.0,164428.42857142858,0.28147490743693915,31742.529650597477,0,월요일,6,False,20~30,False
2024-06-11,185345.0,False,23.0,0.0,163155.14285714287,0.0028297497051217313,30501.03813767988,1,화요일,6,False,20~30,False
2024-06-12,185744.0,False,23.2,0.0,162093.7142857143,0.002152742183495704,29391.376948090983,2,수요일,6,False,20~30,False
2024-06-13,180576.0,False,24.6,0.0,166434.2857142857,-0.02782324058919805,29583.718476634647,3,목요일,6,False,20~30,False
2024-06-14,184775.0,False,24.9,0.0,167665.2857142857,0.023253367003366998,30228.027963653876,4,금요일,6,False,20~30,False
2024-06-15,135549.0,False,22.7,7.2,171576.7142857143,-0.2664104992558517,21859.227370566132,5,토요일,6,True,20~30,False
2024-06-16,138909.0,False,22.3,0.1,170817.14285714287,0.02478808401389898,23029.091279137985,6,일요일,6,True,20~30,False
2024-06-17,183979.0,False,22.3,0.0,170696.7142857143,0.32445701862370324,22945.70115667509,0,월요일,6,False,20~30,False
2024-06-18,185043.0,False,23.5,0.0,170653.57142857142,0.005783268742628245,22913.830684088152,1,화요일,6,False,20~30,False
2024-06-19,176984.0,False,26.2,0.0,169402.14285714287,-0.04355203925574058,22179.76779581343,2,수요일,6,False,20~30,False
2024-06-20,176293.0,False,27.2,0.0,168790.2857142857,-0.003904307734032497,21877.160241633446,3,목요일,6,False,20~30,False
2024-06-21,181238.0,False,26.4,0.0,168285.0,0.02804989421020676,21483.746360136505,4,금요일,6,False,20~30,False
2024-06-22,60130.0,False,23.3,26.3,157510.85714285713,-0.6682263101557069,45794.08876492178,5,토요일,6,True,20~30,False
2024-06-23,106453.0,False,24.0,7.2,152874.2857142857,0.7703808415100615,49485.658729623596,6,일요일,6,True,20~30,False
2024-06-24,176793.0,False,22.6,11.1,151847.7142857143,0.660761087052502,48802.676189304475,0,월요일,6,True,20~30,False
2024-06-25,194249.0,False,20.9,1.0,153162.85714285713,0.09873694094223184,49956.71801812913,1,화요일,6,True,20~30,False
2024-06-26,186839.0,False,22.2,0.3,154570.7142857143,-0.03814691452723051,50870.4291467198,2,수요일,6,True,20~30,False
2024-06-27,184941.0,False,24.5,0.0,155806.14285714287,-0.01015847869020925,51585.87652458311,3,목요일,6,False,20~30,False
2024-06-28,178144.0,False,24.5,0.0,155364.14285714287,-0.03675226153205613,51344.3422667925,4,금요일,6,False,20~30,False
2024-06-29,100000.0,False,25.4,34.5,161059.85714285713,-0.4386563678821628,39970.837529498116,5,토요일,6,True,20~30,False
2024-06-30,95582.0,False,22.9,4.5,159506.85714285713,-0.04418,42572.61518640281,6,일요일,6,True,20~30,False
2024-07-01,182412.0,False,24.1,0.0,160309.57142857142,0.9084346425059111,43003.662180707266,0,월요일,7,False,20~30,False
2024-07-02,39425.0,False,23.1,57.7,138191.85714285713,-0.783868385851808,59347.46774555368,1,화요일,7,True,20~30,False
2024-07-03,164923.0,False,24.1,5.5,135061.0,3.1832086239695627,56880.17403864617,2,수요일,7,True,20~30,False
2024-07-04,158343.0,False,24.9,4.1,131261.2857142857,-0.03989740666856656,53797.61072053392,3,목요일,7,True,20~30,False
2024-07-05,170995.0,False,23.1,1.9,130240.0,0.07990249016375839,52818.20313742865,4,금요일,7,True,20~30,False
2024-07-06,95369.0,False,24.3,25.1,129578.42857142857,-0.44227024181993624,53287.022809989976,5,토요일,7,True,20~30,False
2024-07-07,82462.0,False,23.4,18.1,127704.14285714286,-0.1353374786356153,54888.75242533332,6,일요일,7,True,20~30,False
2024-07-08,49089.0,False,23.1,37.7,108658.0,-0.40470762290509565,55864.05076313995,0,월요일,7,True,20~30,False
2024-07-09,131047.0,False,23.2,8.3,121746.85714285714,1.669579742915928,46963.78883220775,1,화요일,7,True,20~30,False
2024-07-10,157084.0,False,25.5,15.1,120627.0,0.19868444145993425,45842.73945057543,2,수요일,7,True,20~30,False
2024-07-11,176887.0,False,23.6,0.4,123276.14285714286,0.12606630847190048,48824.354921250124,3,목요일,7,True,20~30,False
2024-07-12,178478.0,False,24.4,0.6,124345.14285714286,0.00899444277985384,50108.319633332365,4,금요일,7,True,20~30,False
2024-07-13,132048.0,False,25.8,5.6,129585.0,-0.2601441073969901,48464.05302214565,5,토요일,7,True,20~30,False
2024-07-14,116657.0,False,25.9,1.4,134470.0,-0.11655610081182599,44482.39369308579,6,일요일,7,True,20~30,False
2024-07-15,166497.0,False,26.4,0.3,151242.57142857142,0.4272353995045304,24626.136500726094,0,월요일,7,True,20~30,False
2024-07-16,94003.0,False,25.5,17.8,145950.57142857142,-0.43540724457497737,32432.36597833087,1,화요일,7,True,20~30,False
2024-07-17,52002.0,False,24.7,89.6,130938.85714285714,-0.44680488920566364,47321.718162061006,2,수요일,7,True,20~30,False
2024-07-18,42868.0,False,24.4,60.6,111793.28571428571,-0.1756470904965194,52464.97842597578,3,목요일,7,True,20~30,False
2024-07-19,158625.0,False,25.2,1.2,108957.14285714286,2.700312587477839,48657.812265618755,4,금요일,7,True,20~30,False
2024-07-20,84494.0,False,25.3,25.8,102163.71428571429,-0.4673349093774626,48214.27717220391,5,토요일,7,True,20~30,False
2024-07-21,97479.0,False,25.5,7.4,99424.0,0.15367955121073695,47796.52727273542,6,일요일,7,True,20~30,False
2024-07-22,85679.0,False,26.1,41.4,87878.57142857143,-0.1210517137024385,37559.08093860109,0,월요일,7,True,20~30,False
2024-07-23,113320.0,False,24.9,26.2,90638.14285714286,0.32261114158661974,38774.042835504406,1,화요일,7,True,20~30,False
2024-07-24,126761.0,False,25.9,3.4,101318.0,0.11861101306036015,36592.923314032654,2,수요일,7,True,20~30,False
2024-07-25,131194.0,False,27.2,5.5,113936.0,0.034971323987661895,27067.59325589691,3,목요일,7,True,20~30,False
2024-07-26,117455.0,False,27.4,18.0,108054.57142857143,-0.1047227769562632,19013.44197190651,4,금요일,7,True,20~30,False
2024-07-27,76401.0,False,27.0,39.4,106898.42857142857,-0.34952960708356395,20842.893464017645,5,토요일,7,True,20~30,False
2024-07-28,102036.0,False,28.0,0.4,107549.42857142857,0.3355322574311854,20569.022897366554,6,일요일,7,True,20~30,False
2024-07-29,138818.0,False,26.6,2.1,115140.71428571429,0.360480614685013,20954.406057870132,0,월요일,7,True,20~30,False
2024-07-30,150513.0,False,26.8,0.9,120454.0,0.0842469996686308,24781.67790929439,1,화요일,7,True,20~30,False
2024-07-31,149869.0,False,27.4,0.7,123755.14285714286,-0.004278700178722117,27184.464089062592,2,수요일,7,True,20~30,False
2024-08-01,145489.0,False,28.1,1.0,125797.28571428571,-0.02922552362396491,28348.433364792934,3,목요일,8,True,20~30,False
2024-08-02,140156.0,False,27.4,11.1,129040.28571428571,-0.0366556921829142,28532.909792695616,4,금요일,8,True,20~30,False
2024-08-03,105224.0,False,27.8,5.6,133157.85714285713,-0.24923656497046154,20665.59923664287,5,토요일,8,True,20~30,False
2024-08-04,89614.0,False,28.9,0.0,131383.2857142857,-0.1483501862692922,24041.130476153554,6,일요일,8,False,20~30,False
2024-08-05,123157.0,False,28.1,15.7,129146.0,0.3743053540741401,23962.52072160489,0,월요일,8,True,20~30,False
2024-08-06,136544.0,False,27.7,3.2,127150.42857142857,0.10869865293893155,22418.444689267024,1,화요일,8,True,20~30,False
2024-08-07,141042.0,False,27.2,2.2,125889.42857142857,0.032941762362315385,21139.344816850986,2,수요일,8,True,20~30,False
2024-08-08,137397.0,False,26.4,6.5,124733.42857142857,-0.025843365805930163,20083.81621984207,3,목요일,8,True,20~30,False
2024-08-09,139485.0,False,27.2,0.0,124637.57142857143,0.015196838358916054,19999.361963632524,4,금요일,8,False,20~30,False
2024-08-10,114532.0,False,27.8,0.0,125967.28571428571,-0.1788937878624942,18764.797322951265,5,토요일,8,False,20~30,False
2024-08-11,99631.0,False,28.5,0.4,127398.28571428571,-0.13010337722208642,15654.658238730066,6,일요일,8,True,20~30,False
2024-08-12,143230.0,False,29.0,0.4,130265.85714285714,0.4376047615701941,16560.514579652037,0,월요일,8,True,20~30,False
2024-08-13,134079.0,False,28.8,0.6,129913.71428571429,-0.0638902464567479,16430.463614014036,1,화요일,8,True,20~30,False
2024-08-14,132732.0,False,28.4,0.1,128726.57142857143,-0.010046315977893627,15779.731945940175,2,수요일,8,True,20~30,False
2024-08-15,102411.0,False,28.0,8.4,123728.57142857143,-0.22843775427176571,17965.117040690962,3,목요일,8,True,20~30,False
2024-08-16,140851.0,False,28.2,0.1,123923.71428571429,0.3753503041665447,18171.032512530463,4,금요일,8,True,20~30,False
2024-08-17,105965.0,False,28.1,2.1,122699.85714285714,-0.24768017266473086,19170.049873249354,5,토요일,8,True,20~30,False
2024-08-18,93509.0,False,27.1,21.2,121825.28571428571,-0.11754824706270939,20491.968822885363,6,일요일,8,True,20~30,False
2024-08-19,143004.0,False,27.8,6.9,121793.0,0.5293073394004855,20452.764955705716,0,월요일,8,True,20~30,False
2024-08-20,146665.0,False,28.8,10.1,123591.0,0.025600682498391647,22192.095161716417,1,화요일,8,True,20~30,False
2024-08-21,73100.0,False,26.4,71.5,115072.14285714286,-0.5015852452868783,28614.452166860272,2,수요일,8,True,20~30,False
2024-08-22,125878.0,False,27.4,5.9,118424.57142857143,0.7219972640218879,28256.302558645653,3,목요일,8,True,20~30,False
2024-08-23,151308.0,False,26.3,4.3,119918.42857142857,0.20202100446464044,29869.900450995676,4,금요일,8,True,20~30,False
2024-08-24,105514.0,False,25.8,0.8,119854.0,-0.30265418880693684,29905.479024196844,5,토요일,8,True,20~30,False
2024-08-25,101723.0,False,26.8,0.7,121027.42857142857,-0.03592888147544404,28841.699116945096,6,일요일,8,True,20~30,False
2024-08-26,142238.0,False,26.4,0.8,120918.0,0.39828750626701925,28745.714097931374,0,월요일,8,True,20~30,False
2024-08-27,149070.0,False,24.2,2.0,121261.57142857143,0.04803217143098193,29116.71135194343,1,화요일,8,True,20~30,False
2024-08-28,166242.0,False,26.1,0.0,134567.57142857142,0.11519420406520431,24327.80240696624,2,수요일,8,False,20~30,False
2024-08-29,166666.0,False,26.0,0.0,140394.42857142858,0.002550498670612633,26671.41552209768,3,목요일,8,False,20~30,False
2024-08-30,167333.0,False,26.0,0.0,142683.7142857143,0.0040020160080640466,28396.247467545913,4,금요일,8,False,20~30,False
2024-08-31,134545.0,False,24.7,0.0,146831.0,-0.19594461343548497,23812.92499183331,5,토요일,8,False,20~30,False
2024-09-01,125170.0,False,24.5,0.0,150180.57142857142,-0.06967928945705892,17118.519385519132,6,일요일,9,False,20~30,False
2024-09-02,153796.0,False,22.7,27.0,151831.7142857143,0.22869697211791973,16778.782283132925,0,월요일,9,True,20~30,False
2024-09-03,178909.0,False,24.2,0.0,156094.42857142858,0.163287731800567,19525.719848934164,1,화요일,9,False,20~30,False
2024-09-04,176857.0,False,24.6,0.0,157610.85714285713,-0.011469518023129122,20814.805191086256,2,수요일,9,False,20~30,False
2024-09-05,142476.0,False,24.8,2.0,154155.14285714287,-0.1943999954765715,21067.39681299529,3,목요일,9,True,20~30,False
2024-09-06,150540.0,False,23.7,1.7,151756.14285714287,0.05659900614840385,20257.254597045892,4,금요일,9,True,20~30,False
2024-09-07,148978.0,False,24.3,1.7,153818.0,-0.010375979806031665,18902.707204701666,5,토요일,9,True,20~30,False
2024-09-08,131434.0,False,24.6,0.0,154712.85714285713,-0.11776235417309944,17409.787500413026,6,일요일,9,False,20~30,False
2024-09-09,170529.0,False,26.4,0.0,157103.2857142857,0.2974496705570857,18384.3906227931,0,월요일,9,False,20~30,False
2024-09-10,169983.0,False,27.0,0.4,155828.14285714287,-0.003201801453125319,16866.786153350946,1,화요일,9,True,20~30,False
2024-09-11,154083.0,False,26.9,8.3,152574.7142857143,-0.09353876564127006,14104.78618193514,2,수요일,9,True,20~30,False
2024-09-12,62023.0,False,24.7,28.4,141081.42857142858,-0.5974701946353589,37342.1780602809,3,목요일,9,True,20~30,False
2024-09-13,75826.0,False,24.9,17.2,130408.0,0.22254647469487132,44230.42206445703,4,금요일,9,True,20~30,False
2024-09-14,115908.0,False,25.8,1.6,125683.71428571429,0.5286049639965182,43679.0460583955,5,토요일,9,True,20~30,False
2024-09-15,102890.0,False,25.3,0.6,121606.0,-0.11231321392828797,44379.51429807833,6,일요일,9,True,20~30,False
2024-09-16,89292.0,False,25.4,0.7,110000.71428571429,-0.13216055982116826,39843.86989117354,0,월요일,9,True,20~30,False
2024-09-17,79402.0,False,27.2,5.6,97060.57142857143,-0.11076020248174534,30799.02445347442,1,화요일,9,True,20~30,False
2024-09-18,101367.0,False,26.6,10.9,89529.71428571429,0.2766303115790534,18535.869485174633,2,수요일,9,True,20~30,False
2024-09-19,155491.0,False,26.4,1.5,102882.28571428571,0.5339410261722257,27103.826548504745,3,목요일,9,True,20~30,False
2024-09-20,49130.0,False,24.2,69.6,99068.57142857143,-0.6840331594754681,32820.62153513218,4,금요일,9,True,20~30,False
2024-09-21,112110.0,False,19.0,28.3,98526.0,1.281905149603094,32525.915324040732,5,토요일,9,True,10~20,False
2024-09-22,159567.0,False,19.9,0.3,106622.71428571429,0.4233074658817233,39990.983807663004,6,일요일,9,True,10~20,False
2024-09-23,188300.0,False,18.8,0.0,120766.71428571429,0.18006856054196674,49271.575489709074,0,월요일,9,False,10~20,False
2024-09-24,191168.0,False,18.2,0.0,136733.2857142857,0.015231014338821014,51683.186381757034,1,화요일,9,False,10~20,False
2024-09-25,187734.0,False,20.7,0.5,149071.42857142858,-0.017963257448945447,52140.19696247534,2,수요일,9,True,20~30,False
2024-09-26,176103.0,False,21.3,3.4,152016.0,-0.06195468055866282,53135.678983146616,3,목요일,9,True,20~30,False
2024-09-27,191573.0,False,21.0,0.3,172365.0,0.08784631721208602,28928.235722214577,4,금요일,9,True,20~30,False
2024-09-28,169000.0,False,21.3,0.0,180492.14285714287,-0.11782975680288976,12512.407008360533,5,토요일,9,False,20~30,False
2024-09-29,154569.0,False,21.4,0.0,179778.14285714287,-0.08539053254437867,13963.888754314456,6,일요일,9,False,20~30,False
2024-09-30,186558.0,False,20.3,0.0,179529.2857142857,0.2069561166857521,13801.280371935585,0,월요일,9,False,20~30,False
2024-10-01,131750.0,False,17.2,5.8,171041.0,-0.29378531073446323,21547.991213413497,1,화요일,10,True,10~20,False
2024-10-02,176842.0,False,12.9,0.0,169485.0,0.34225426944971526,20509.92829501553,2,수요일,10,False,10~20,False
2024-10-03,154012.0,False,13.6,0.0,166329.14285714287,-0.1290982911299352,21015.243344047565,3,목요일,10,False,10~20,False
2024-10-04,181964.0,False,14.4,0.0,164956.42857142858,0.18149235124535745,19338.42780456552,4,금요일,10,False,10~20,False
2024-10-05,165479.0,False,14.4,0.0,164453.42857142858,-0.09059484293596531,19261.361529040278,5,토요일,10,False,10~20,False
2024-10-06,108639.0,False,13.3,0.1,157892.0,-0.3434876933024734,28700.12306013126,6,일요일,10,True,10~20,False
2024-10-07,173890.0,False,15.5,0.0,156082.2857142857,0.6006222443137363,26936.509825354875,0,월요일,10,False,10~20,False
2024-10-08,182682.0,False,15.5,0.5,163358.2857142857,0.050560699292656386,26135.40641042543,1,화요일,10,True,10~20,False
2024-10-09,160343.0,False,16.5,0.0,161001.2857142857,-0.12228353094448274,25451.75194830616,2,수요일,10,False,10~20,False
2024-10-10,180124.0,False,16.5,0.3,164731.57142857142,0.12336678246010124,26160.3164153722,3,목요일,10,True,10~20,False
2024-10-11,189284.0,False,15.8,0.0,165777.2857142857,0.05085385623237326,27093.6138091268,4,금요일,10,False,10~20,False
2024-10-12,161687.0,False,15.1,0.0,165235.57142857142,-0.1457967921218909,27138.443635411226,5,토요일,10,False,10~20,False
2024-10-13,142166.0,False,15.8,0.0,170025.14285714287,-0.12073326859920708,16265.628407049073,6,일요일,10,False,10~20,False
2024-10-14,171314.0,False,17.7,0.2,169657.14285714287,0.2050279251016418,16192.591252674838,0,월요일,10,True,10~20,False
2024-10-15,155623.0,False,17.4,2.3,165791.57142857142,-0.09159204735164672,15789.827071643058,1,화요일,10,True,10~20,False
2024-10-16,181100.0,False,15.6,0.0,168756.85714285713,0.16370973442228975,16527.86764254648,2,수요일,10,False,10~20,False
2024-10-17,181165.0,False,16.5,0.0,168905.57142857142,0.0003589177250138409,16651.41492343495,3,목요일,10,False,10~20,False
2024-10-18,78685.0,False,16.1,41.1,153105.7142857143,-0.5656721772969393,35685.292188399406,4,금요일,10,True,10~20,False
2024-10-19,130845.0,False,15.7,9.5,148699.7142857143,0.662896358899409,36347.05755039106,5,토요일,10,True,10~20,False
2024-10-20,122491.0,False,12.1,0.0,145889.0,-0.06384653597768353,37673.06295396413,6,일요일,10,False,10~20,False
2024-10-21,154414.0,False,12.4,0.8,143474.7142857143,0.26061506559665615,36288.20195193988,0,월요일,10,True,10~20,False
2024-10-22,26820.0,False,14.9,13.7,125074.28571428571,-0.8263110857823772,56260.86965115963,1,화요일,10,True,10~20,False
2024-10-23,143682.0,False,11.9,0.8,119728.85714285714,4.357270693512304,51638.2672166957,2,수요일,10,True,10~20,False
2024-10-24,159378.0,False,10.6,0.0,116616.42857142857,0.10924124107403843,47834.62526544686,3,목요일,10,False,10~20,False
2024-10-25,166458.0,False,11.9,0.0,129155.42857142857,0.04442269321989234,47738.36955691295,4,금요일,10,False,10~20,False
2024-10-26,145497.0,False,14.7,0.0,131248.57142857142,-0.1259236564178351,48144.28859119629,5,토요일,10,False,10~20,False
2024-10-27,110957.0,False,14.5,0.1,129600.85714285714,-0.23739321085658127,48688.26556241455,6,일요일,10,True,10~20,False
2024-10-28,159283.0,False,14.0,0.1,130296.42857142857,0.4355380913326785,49134.56697294746,0,월요일,10,True,10~20,False
2024-10-29,154503.0,False,13.1,0.2,148536.85714285713,-0.030009479982170073,18415.70081414773,1,화요일,10,True,10~20,False
2024-10-30,167863.0,False,13.3,0.0,151991.2857142857,0.08647081286447511,19584.121295191486,2,수요일,10,False,10~20,False
2024-10-31,167817.0,False,12.7,0.0,153196.85714285713,-0.0002740329911892214,20359.038569544515,3,목요일,10,False,10~20,False
2024-11-01,166375.0,False,12.6,0.0,153185.0,-0.008592693231317394,20350.050221068515,4,금요일,11,False,10~20,False
2024-11-02,146379.0,False,15.6,0.0,153311.0,-0.12018632607062363,20297.177242168687,5,토요일,11,False,10~20,False
2024-11-03,132614.0,False,14.6,1.1,156404.85714285713,-0.09403671291647031,13161.517471130275,6,일요일,11,True,10~20,False
2024-11-04,153235.0,False,13.3,1.1,155540.85714285713,0.15549640309469592,13139.584397646202,0,월요일,11,True,10~20,False
2024-11-05,145636.0,False,8.1,0.0,154274.14285714287,-0.049590498254315274,13672.899965852192,1,화요일,11,False,0~10,False
2024-11-06,138914.0,False,5.3,0.0,150138.57142857142,-0.04615617017770335,13249.18521843481,2,수요일,11,False,0~10,False
2024-11-07,140432.0,False,5.0,0.0,146226.42857142858,0.01092762428552918,11013.643914968603,3,목요일,11,False,0~10,False
2024-11-08,146639.0,False,6.5,0.0,143407.0,0.04419932778853819,6662.87170320306,4,금요일,11,False,0~10,False
2024-11-09,125849.0,False,9.7,0.0,140474.14285714287,-0.1417767442494834,9179.707501306044,5,토요일,11,False,0~10,False
2024-11-10,115697.0,False,10.9,0.0,138057.42857142858,-0.08066810224952126,13018.21535205158,6,일요일,11,False,10~20,False
2024-11-11,155328.0,False,12.0,0.0,138356.42857142858,0.3425412932055283,13442.0468537741,0,월요일,11,False,10~20,False
2024-11-12,158301.0,False,11.3,0.0,140165.7142857143,0.019140142150803507,15308.00938195773,1,화요일,11,False,10~20,False
2024-11-13,162971.0,False,11.7,0.0,143602.42857142858,0.029500761208078208,17520.693192690516,2,수요일,11,False,10~20,False
2024-11-14,137483.0,False,12.6,0.2,143181.14285714287,-0.15639592320106033,17644.647709986577,3,목요일,11,True,10~20,False
2024-11-15,158838.0,False,14.1,0.0,144923.85714285713,0.15532829513467128,18618.64023345604,4,금요일,11,False,10~20,False
2024-11-16,80378.0,False,15.4,5.7,138428.0,-0.4939624019441191,30514.660312708886,5,토요일,11,True,10~20,False
2024-11-17,78614.0,False,6.8,0.1,133130.42857142858,-0.02194630371494688,37530.95024490754,6,일요일,11,True,0~10,False
2024-11-18,109684.0,False,1.7,0.0,126609.85714285714,0.3952222250489734,36992.817390355674,0,월요일,11,False,0~10,False
2024-11-19,124669.0,False,2.4,0.0,121805.28571428571,0.13661974399183108,34275.020727999174,1,화요일,11,False,0~10,False
2024-11-20,124098.0,False,4.8,0.0,116252.0,-0.004580128179419107,29278.63244187948,2,수요일,11,False,0~10,False
2024-11-21,127471.0,False,7.4,1.1,114821.71428571429,0.02718013183129453,28296.70323974343,3,목요일,11,True,0~10,False
2024-11-22,127424.0,False,5.2,0.0,110334.0,-0.00036871131473037444,21926.497007046317,4,금요일,11,False,0~10,False
2024-11-23,95085.0,False,4.2,0.0,112435.0,-0.25379049472626825,19100.16703242874,5,토요일,11,False,0~10,False
2024-11-24,85907.0,False,5.4,0.0,113476.85714285714,-0.09652416259136565,17035.134100133608,6,일요일,11,False,0~10,False
2024-11-25,130589.0,False,8.0,0.0,116463.28571428571,0.5201205955277219,18060.929938353293,0,월요일,11,False,0~10,False
2024-11-26,35385.0,False,6.7,21.3,103708.42857142857,-0.7290353705135961,34939.78902749307,1,화요일,11,True,0~10,False
2024-11-27,20902.0,False,-0.7,10.9,88966.14285714286,-0.40929772502472794,45174.76843116669,2,수요일,11,True,<=0,False
2024-11-28,42961.0,False,-1.9,0.7,76893.28571428571,1.0553535546837622,44456.21479881194,3,목요일,11,True,<=0,False
2024-11-29,73916.0,False,-2.8,0.0,69249.28571428571,0.7205372314424712,38524.07515097677,4,금요일,11,False,<=0,False
2024-11-30,57423.0,False,0.0,0.0,63869.0,-0.2231316629687754,36910.63708020599,5,토요일,11,False,<=0,False
2024-12-01,58689.0,False,1.1,0.3,59980.71428571428,0.022046914999216405,35612.96199753828,6,일요일,12,True,0~10,False
2024-12-02,100413.0,False,5.4,0.2,55669.857142857145,0.7109339058426623,26232.46609596972,0,월요일,12,True,0~10,False
2024-12-03,94723.0,False,-1.1,0.0,64146.71428571428,-0.05666596954577596,28105.53460746547,1,화요일,12,False,<=0,False
2024-12-04,97375.0,False,0.3,0.0,75071.42857142857,0.027997424068072263,22869.537364925534,2,수요일,12,False,0~10,False
2024-12-05,83592.0,False,1.4,0.0,80875.85714285714,-0.14154557124518619,17998.959288697817,3,목요일,12,False,0~10,False
2024-12-06,92791.0,False,0.1,0.0,83572.28571428571,0.110046415924969,18195.28849926375,4,금요일,12,False,0~10,False
2024-12-07,66505.0,False,-1.7,0.0,84869.71428571429,-0.28328178379368685,16238.508723754154,5,토요일,12,False,<=0,False
2024-12-08,50139.0,False,-2.0,0.0,83648.28571428571,-0.24608676039395538,18674.780201422443,6,일요일,12,False,<=0,False
2024-12-09,89588.0,False,-1.2,0.0,82101.85714285714,0.7867927162488282,17464.101107019553,0,월요일,12,False,<=0,False
2024-12-10,95376.0,False,0.3,0.0,82195.14285714286,0.06460686699111484,17544.313755256095,1,화요일,12,False,0~10,False
2024-12-11,98567.0,False,0.4,0.0,82365.42857142857,0.03345705418553924,17721.100105591417,2,수요일,12,False,0~10,False
2024-12-12,91976.0,False,-1.5,0.0,83563.14285714286,-0.06686822161575379,18097.151262271505,3,목요일,12,False,<=0,False
2024-12-13,89574.0,False,-0.5,0.0,83103.57142857143,-0.02611550839349397,17863.090054235454,4,금요일,12,False,<=0,False
2024-12-14,64507.0,False,-2.3,0.0,82818.14285714286,-0.2798468305535088,18185.569035443143,5,토요일,12,False,<=0,False
2024-12-15,51245.0,False,-0.1,0.0,82976.14285714286,-0.20559009099787617,17856.14623809409,6,일요일,12,False,<=0,False
2024-12-16,78064.0,False,-1.3,0.0,81329.85714285714,0.5233486193775003,17675.276739263092,0,월요일,12,False,<=0,False
2024-12-17,83421.0,False,-2.0,0.0,79622.0,0.06862318097970888,16639.07932148524,1,화요일,12,False,<=0,False
2024-12-18,76140.0,False,-4.3,0.0,76418.14285714286,-0.08728018124932568,14390.460722629234,2,수요일,12,False,<=0,False
2024-12-19,79368.0,False,-3.2,0.0,74617.0,0.04239558707643809,12822.233866738823,3,목요일,12,False,<=0,False
2024-12-20,80214.0,False,-0.8,0.8,73279.85714285714,0.010659207741155141,11413.128338724711,4,금요일,12,True,<=0,False
2024-12-21,39455.0,False,-1.5,0.7,69701.0,-0.5081282569127583,17122.389825411163,5,토요일,12,True,<=0,False
2024-12-22,37978.0,False,-5.9,0.0,67805.71428571429,-0.03743505259155999,19998.48926556134,6,일요일,12,False,<=0,False
2024-12-23,76146.0,False,-3.5,0.0,67531.71428571429,1.0050028964137132,19847.081420319013,0,월요일,12,False,<=0,False
2024-12-24,77783.0,False,-2.9,0.0,66726.28571428571,0.021498174559398953,19198.603670704077,1,화요일,12,False,<=0,False
2024-12-25,45247.0,False,-0.1,0.3,62313.0,-0.41829191468572824,20198.681310092416,2,수요일,12,True,<=0,False
2024-12-26,69113.0,False,-1.5,0.0,60848.0,0.5274603841138639,19097.398426662116,3,목요일,12,False,<=0,False
2024-12-27,68333.0,False,-3.5,0.0,59150.71428571428,-0.011285865177318333,17555.063739695503,4,금요일,12,False,<=0,False
2024-12-28,45732.0,False,-3.9,0.0,60047.42857142857,-0.3307479548680725,16510.57052171096,5,토요일,12,False,<=0,False
2024-12-29,43614.0,False,-1.4,0.0,60852.57142857143,-0.04631330359485697,15351.730335233364,6,일요일,12,False,<=0,False
2024-12-30,79482.0,False,3.2,0.3,61329.142857142855,0.822396478195075,15945.901013830082,0,월요일,12,True,0~10,False
2024-12-31,72945.0,False,-1.1,0.1,60638.0,-0.08224503661206306,15201.346036892372,1,화요일,12,True,<=0,False
