date,mean_temp_c,precip_mm
2023-01-01,-2.5,0.0
2023-01-02,-6.0,0.0
2023-01-03,-6.3,0.0
2023-01-04,-4.2,0.0
2023-01-05,-3.3,0.0
2023-01-06,-1.5,4.2
2023-01-07,0.1,0.5
2023-01-08,-1.1,0.0
2023-01-09,1.0,0.0
2023-01-10,-1.4,0.0
2023-01-11,-0.6,0.0
2023-01-12,1.7,0.0
2023-01-13,6.1,18.0
2023-01-14,4.3,4.6
2023-01-15,-0.7,5.0
2023-01-16,-6.2,0.0
2023-01-17,-5.3,0.0
2023-01-18,-4.3,0.0
2023-01-19,-2.5,1.3
2023-01-20,-4.4,0.4
2023-01-21,-7.3,0.0
2023-01-22,-2.6,0.6
2023-01-23,-2.0,0.0
2023-01-24,-14.9,0.0
2023-01-25,-13.3,0.0
2023-01-26,-6.0,1.1
2023-01-27,-10.1,0.0
2023-01-28,-7.9,0.0
2023-01-29,-4.1,0.4
2023-01-30,-3.2,0.0
2023-01-31,-0.0,0.2
2023-02-01,-0.3,0.0
2023-02-02,-3.6,0.0
2023-02-03,-3.1,0.0
2023-02-04,-2.8,0.0
2023-02-05,-0.6,0.0
2023-02-06,-0.2,0.0
2023-02-07,0.8,0.0
2023-02-08,-0.2,0.0
2023-02-09,1.5,0.2
2023-02-10,2.3,1.8
2023-02-11,-0.6,0.0
2023-02-12,1.7,0.0
2023-02-13,4.2,0.5
2023-02-14,0.3,0.0
2023-02-15,0.7,0.0
2023-02-16,0.8,0.1
2023-02-17,0.8,0.0
2023-02-18,3.3,0.0
2023-02-19,2.0,0.0
2023-02-20,-2.5,0.0
2023-02-21,-3.3,0.0
2023-02-22,-1.8,0.0
2023-02-23,0.0,0.0
2023-02-24,1.6,0.0
2023-02-25,-1.1,0.0
2023-02-26,-0.7,0.0
2023-02-27,0.5,0.0
2023-02-28,2.2,0.0
2023-03-01,4.5,0.3
2023-03-02,0.4,0.0
2023-03-03,1.9,0.0
2023-03-04,4.3,0.0
2023-03-05,4.6,0.0
2023-03-06,5.2,0.0
2023-03-07,8.4,0.0
2023-03-08,9.4,6.5
2023-03-09,8.6,0.9
2023-03-10,9.6,0.0
2023-03-11,11.0,0.0
2023-03-12,4.8,7.3
2023-03-13,0.7,0.0
2023-03-14,5.7,0.0
2023-03-15,7.3,0.3
2023-03-16,3.0,0.0
2023-03-17,4.5,0.0
2023-03-18,5.7,0.0
2023-03-19,4.7,0.0
2023-03-20,6.1,0.6
2023-03-21,9.0,0.0
2023-03-22,13.2,0.0
2023-03-23,15.5,2.1
2023-03-24,10.3,0.0
2023-03-25,11.0,0.1
2023-03-26,8.3,0.0
2023-03-27,5.2,0.0
2023-03-28,6.9,0.0
2023-03-29,9.3,0.0
2023-03-30,11.1,0.0
2023-03-31,12.3,0.0
2023-04-01,14.9,0.0
2023-04-02,16.5,0.0
2023-04-03,16.3,0.0
2023-04-04,15.5,8.6
2023-04-05,12.3,44.1
2023-04-06,8.9,3.0
2023-04-07,7.7,0.3
2023-04-08,6.7,0.0
2023-04-09,8.2,0.0
2023-04-10,10.6,0.0
2023-04-11,12.1,2.2
2023-04-12,8.0,0.0
2023-04-13,9.4,0.0
2023-04-14,13.1,0.6
2023-04-15,11.0,5.5
2023-04-16,9.3,1.0
2023-04-17,10.2,0.1
2023-04-18,12.4,20.2
2023-04-19,16.1,0.0
2023-04-20,14.5,0.0
2023-04-21,14.8,0.0
2023-04-22,13.7,0.0
2023-04-23,14.4,0.0
2023-04-24,13.8,0.0
2023-04-25,9.8,1.5
2023-04-26,9.4,0.5
2023-04-27,10.4,0.0
2023-04-28,13.5,2.8
2023-04-29,12.6,12.1
2023-04-30,11.5,1.2
2023-05-01,12.0,0.0
2023-05-02,14.7,0.0
2023-05-03,17.2,0.0
2023-05-04,19.0,0.0
2023-05-05,18.3,59.0
2023-05-06,11.8,36.9
2023-05-07,12.6,0.0
2023-05-08,12.3,0.0
2023-05-09,13.0,0.0
2023-05-10,14.8,0.0
2023-05-11,16.1,0.0
2023-05-12,15.1,0.0
2023-05-13,15.5,0.0
2023-05-14,15.7,0.0
2023-05-15,17.5,0.0
2023-05-16,20.3,0.0
2023-05-17,19.9,0.0
2023-05-18,19.9,0.2
2023-05-19,20.4,0.0
2023-05-20,19.0,0.0
2023-05-21,16.6,1.1
2023-05-22,18.1,0.0
2023-05-23,18.3,0.0
2023-05-24,18.8,0.0
2023-05-25,18.8,0.0
2023-05-26,19.9,0.1
2023-05-27,18.3,24.6
2023-05-28,18.6,37.4
2023-05-29,21.4,5.9
2023-05-30,21.3,1.6
2023-05-31,20.3,0.0
2023-06-01,20.6,1.1
2023-06-02,18.8,0.7
2023-06-03,19.5,0.0
2023-06-04,18.8,0.0
2023-06-05,18.8,0.0
2023-06-06,18.4,0.0
2023-06-07,20.0,0.4
2023-06-08,19.2,20.8
2023-06-09,20.7,3.1
2023-06-10,21.1,26.1
2023-06-11,20.2,15.5
2023-06-12,20.9,0.7
2023-06-13,20.0,0.5
2023-06-14,19.9,2.7
2023-06-15,20.5,0.9
2023-06-16,20.9,0.0
2023-06-17,21.4,0.0
2023-06-18,23.1,0.0
2023-06-19,26.3,0.0
2023-06-20,23.0,4.9
2023-06-21,21.0,35.7
2023-06-22,20.0,1.4
2023-06-23,22.1,0.1
2023-06-24,24.2,0.1
2023-06-25,25.4,0.0
2023-06-26,23.1,43.8
2023-06-27,23.5,3.2
2023-06-28,24.0,2.1
2023-06-29,23.1,45.8
2023-06-30,24.0,10.7
2023-07-01,25.5,0.2
2023-07-02,24.3,0.2
2023-07-03,26.8,0.1
2023-07-04,24.9,29.6
2023-07-05,23.4,19.6
2023-07-06,25.1,0.0
2023-07-07,24.7,0.0
2023-07-08,23.8,0.5
2023-07-09,23.7,37.3
2023-07-10,24.8,6.2
2023-07-11,23.0,41.1
2023-07-12,24.8,2.8
2023-07-13,24.3,48.1
2023-07-14,24.4,56.5
2023-07-15,24.1,35.8
2023-07-16,23.6,1.7
2023-07-17,23.9,4.4
2023-07-18,23.8,15.5
2023-07-19,25.2,0.1
2023-07-20,25.6,0.0
2023-07-21,27.1,0.1
2023-07-22,26.3,10.4
2023-07-23,24.6,44.3
2023-07-24,25.3,14.8
2023-07-25,25.2,13.1
2023-07-26,24.8,30.4
2023-07-27,25.7,2.3
2023-07-28,27.1,2.2
2023-07-29,27.6,0.2
2023-07-30,27.6,0.1
2023-07-31,27.2,0.3
2023-08-01,28.1,0.3
2023-08-02,27.3,0.0
2023-08-03,26.7,0.0
2023-08-04,27.8,0.0
2023-08-05,27.9,0.0
2023-08-06,28.2,11.0
2023-08-07,28.2,3.5
2023-08-08,28.2,3.1
2023-08-09,27.0,2.5
2023-08-10,22.0,74.6
2023-08-11,22.9,30.4
2023-08-12,23.8,10.2
2023-08-13,25.7,0.2
2023-08-14,26.9,0.2
2023-08-15,26.7,0.0
2023-08-16,25.6,1.0
2023-08-17,26.4,0.1
2023-08-18,26.9,1.3
2023-08-19,26.8,0.2
2023-08-20,26.2,0.0
2023-08-21,26.9,4.7
2023-08-22,25.8,24.1
2023-08-23,24.1,62.5
2023-08-24,24.3,14.0
2023-08-25,24.8,1.3
2023-08-26,24.5,0.0
2023-08-27,23.9,1.5
2023-08-28,22.5,27.8
2023-08-29,23.4,33.3
2023-08-30,22.2,3.0
2023-08-31,22.8,0.2
2023-09-01,22.5,0.0
2023-09-02,22.9,0.0
2023-09-03,25.1,2.4
2023-09-04,24.4,7.1
2023-09-05,25.8,2.7
2023-09-06,25.7,0.3
2023-09-07,23.9,0.0
2023-09-08,22.4,0.0
2023-09-09,23.5,0.0
2023-09-10,23.4,0.1
2023-09-11,23.7,0.8
2023-09-12,23.7,0.0
2023-09-13,21.5,19.2
2023-09-14,21.9,0.1
2023-09-15,21.3,9.5
2023-09-16,22.7,25.3
2023-09-17,22.8,12.4
2023-09-18,22.7,1.3
2023-09-19,22.4,0.6
2023-09-20,20.6,39.4
2023-09-21,18.9,0.0
2023-09-22,18.1,0.0
2023-09-23,19.8,0.0
2023-09-24,19.8,0.1
2023-09-25,19.7,1.3
2023-09-26,19.7,14.7
2023-09-27,20.9,2.8
2023-09-28,21.0,0.9
2023-09-29,19.1,0.0
2023-09-30,18.8,3.9
2023-10-01,16.1,0.0
2023-10-02,16.4,0.0
2023-10-03,15.8,0.0
2023-10-04,16.2,1.2
2023-10-05,13.1,0.0
2023-10-06,13.6,0.0
2023-10-07,14.6,0.0
2023-10-08,15.7,0.2
2023-10-09,15.6,0.2
2023-10-10,14.9,0.0
2023-10-11,15.2,0.0
2023-10-12,15.0,0.0
2023-10-13,16.0,0.0
2023-10-14,14.4,4.8
2023-10-15,14.3,0.0
2023-10-16,12.0,0.0
2023-10-17,11.8,0.0
2023-10-18,12.8,0.0
2023-10-19,15.3,8.1
2023-10-20,10.8,0.0
2023-10-21,9.0,0.0
2023-10-22,10.2,0.0
2023-10-23,12.7,0.7
2023-10-24,12.5,1.4
2023-10-25,13.8,0.1
2023-10-26,14.3,7.8
2023-10-27,13.3,0.5
2023-10-28,12.2,0.0
2023-10-29,12.1,0.0
2023-10-30,11.6,0.0
2023-10-31,12.3,0.0
2023-11-01,17.0,6.5
2023-11-02,17.8,0.0
2023-11-03,16.8,11.9
2023-11-04,16.4,2.0
2023-11-05,15.8,31.0
2023-11-06,13.9,34.9
2023-11-07,4.5,0.1
2023-11-08,6.2,0.0
2023-11-09,10.4,3.6
2023-11-10,2.3,0.0
2023-11-11,-0.1,0.0
2023-11-12,-0.8,0.0
2023-11-13,-0.7,0.0
2023-11-14,2.6,0.0
2023-11-15,4.4,0.0
2023-11-16,5.1,9.5
2023-11-17,0.6,0.5
2023-11-18,-1.3,0.0
2023-11-19,3.8,0.2
2023-11-20,3.0,0.0
2023-11-21,3.8,0.0
2023-11-22,5.7,0.0
2023-11-23,8.9,0.4
2023-11-24,-2.8,0.0
2023-11-25,-3.5,0.0
2023-11-26,1.6,0.0
2023-11-27,5.3,3.6
2023-11-28,-0.8,0.0
2023-11-29,-2.7,0.1
2023-11-30,-5.3,0.0
2023-12-01,-4.1,0.0
2023-12-02,-0.1,0.2
2023-12-03,-1.6,0.0
2023-12-04,-0.5,0.0
2023-12-05,4.1,0.0
2023-12-06,4.6,11.1
2023-12-07,4.0,0.0
2023-12-08,9.1,0.0
2023-12-09,10.7,0.2
2023-12-10,7.7,0.1
2023-12-11,7.8,14.3
2023-12-12,4.0,0.8
2023-12-13,4.2,0.6
2023-12-14,6.5,19.8
2023-12-15,4.5,18.9
2023-12-16,-4.0,0.4
2023-12-17,-10.3,0.0
2023-12-18,-7.7,0.0
2023-12-19,-4.3,0.0
2023-12-20,-7.6,0.1
2023-12-21,-11.8,0.0
2023-12-22,-12.0,0.0
2023-12-23,-7.9,0.0
2023-12-24,-3.5,0.6
2023-12-25,-2.7,0.5
2023-12-26,-0.8,0.0
2023-12-27,-0.9,0.0
2023-12-28,-0.4,0.0
2023-12-29,-0.1,0.0
2023-12-30,-0.8,11.4
2023-12-31,1.4,2.2
2024-01-01,0.7,0.0
2024-01-02,1.0,0.1
2024-01-03,-0.2,0.1
2024-01-04,-0.6,0.0
2024-01-05,2.6,0.6
2024-01-06,-1.9,0.4
2024-01-07,-5.5,0.0
2024-01-08,-6.1,0.0
2024-01-09,-1.2,2.4
2024-01-10,-2.8,0.0
2024-01-11,-1.4,0.0
2024-01-12,-2.1,0.0
2024-01-13,-2.9,0.0
2024-01-14,-2.1,2.7
2024-01-15,-5.0,0.0
2024-01-16,-3.9,0.0
2024-01-17,-1.6,7.7
2024-01-18,2.7,1.0
2024-01-19,3.2,0.0
2024-01-20,1.7,2.2
2024-01-21,0.6,0.1
2024-01-22,-8.6,0.0
2024-01-23,-12.3,0.0
2024-01-24,-8.9,0.0
2024-01-25,-6.0,0.0
2024-01-26,-3.6,0.0
2024-01-27,-2.4,0.0
2024-01-28,-3.1,0.0
2024-01-29,-2.4,0.0
2024-01-30,-0.6,0.0
2024-01-31,1.6,0.0
2024-02-01,0.1,0.0
2024-02-02,1.0,0.0
2024-02-03,1.4,1.4
2024-02-04,4.1,0.0
2024-02-05,1.4,7.6
2024-02-06,0.5,1.0
2024-02-07,-1.4,0.0
2024-02-08,-1.7,0.0
2024-02-09,-1.2,0.0
2024-02-10,-0.9,0.0
2024-02-11,-1.7,0.0
2024-02-12,0.1,0.0
2024-02-13,5.6,0.0
2024-02-14,9.3,1.0
2024-02-15,4.4,8.6
2024-02-16,-0.1,0.0
2024-02-17,1.2,0.0
2024-02-18,4.0,8.5
2024-02-19,8.8,8.6
2024-02-20,2.8,2.0
2024-02-21,1.7,15.3
2024-02-22,-0.6,5.7
2024-02-23,0.6,0.2
2024-02-24,0.6,2.1
2024-02-25,1.7,2.1
2024-02-26,1.8,0.0
2024-02-27,2.2,0.0
2024-02-28,3.9,0.0
2024-02-29,2.8,0.1
2024-03-01,-4.9,0.0
2024-03-02,-2.0,3.6
2024-03-03,1.6,0.4
2024-03-04,2.1,0.0
2024-03-05,5.3,0.6
2024-03-06,4.0,0.0
2024-03-07,2.6,2.1
2024-03-08,0.1,0.0
2024-03-09,-0.6,0.0
2024-03-10,1.7,0.0
2024-03-11,3.8,0.4
2024-03-12,4.6,1.7
2024-03-13,3.6,0.0
2024-03-14,5.0,0.0
2024-03-15,5.3,0.0
2024-03-16,7.5,0.0
2024-03-17,7.0,0.1
2024-03-18,4.0,0.0
2024-03-19,5.3,0.7
2024-03-20,3.2,0.0
2024-03-21,3.0,0.0
2024-03-22,7.8,16.3
2024-03-23,10.5,1.3
2024-03-24,11.9,0.0
2024-03-25,8.7,2.5
2024-03-26,6.1,12.4
2024-03-27,7.6,0.0
2024-03-28,8.8,3.0
2024-03-29,7.1,5.0
2024-03-30,6.4,1.0
2024-03-31,7.2,0.0
2024-04-01,8.9,0.0
2024-04-02,11.6,0.0
2024-04-03,12.6,0.5
2024-04-04,12.9,0.0
2024-04-05,11.8,0.1
2024-04-06,9.8,0.0
2024-04-07,11.8,0.0
2024-04-08,13.3,0.0
2024-04-09,12.2,0.0
2024-04-10,11.7,0.0
2024-04-11,12.8,0.5
2024-04-12,14.1,0.0
2024-04-13,16.1,0.0
2024-04-14,18.0,0.0
2024-04-15,14.9,19.1
2024-04-16,11.6,0.8
2024-04-17,11.9,0.0
2024-04-18,14.7,0.0
2024-04-19,14.4,0.0
2024-04-20,13.1,5.7
2024-04-21,15.8,0.1
2024-04-22,16.9,0.0
2024-04-23,15.5,1.2
2024-04-24,12.8,12.1
2024-04-25,12.7,0.0
2024-04-26,15.1,0.0
2024-04-27,15.5,0.0
2024-04-28,17.5,0.0
2024-04-29,18.0,0.0
2024-04-30,16.0,0.0
2024-05-01,16.3,0.2
2024-05-02,16.1,0.0
2024-05-03,17.4,0.0
2024-05-04,19.1,0.0
2024-05-05,17.2,66.8
2024-05-06,13.7,6.2
2024-05-07,13.1,1.9
2024-05-08,13.3,0.2
2024-05-09,14.0,0.0
2024-05-10,15.1,0.0
2024-05-11,15.8,16.2
2024-05-12,15.2,0.0
2024-05-13,16.0,0.0
2024-05-14,16.1,0.0
2024-05-15,12.3,22.7
2024-05-16,11.6,3.4
2024-05-17,15.0,0.0
2024-05-18,17.5,0.0
2024-05-19,18.1,0.0
2024-05-20,17.5,2.1
2024-05-21,18.9,0.0
2024-05-22,17.8,0.0
2024-05-23,17.6,0.0
2024-05-24,18.8,0.0
2024-05-25,19.9,0.0
2024-05-26,18.5,7.1
2024-05-27,17.6,0.0
2024-05-28,17.8,0.0
2024-05-29,18.8,0.0
2024-05-30,18.7,0.0
2024-05-31,18.7,0.3
2024-06-01,19.7,1.7
2024-06-02,19.0,0.0
2024-06-03,20.6,0.0
2024-06-04,21.2,0.0
2024-06-05,22.4,0.0
2024-06-06,22.5,0.2
2024-06-07,21.0,0.0
2024-06-08,19.4,15.8
2024-06-09,20.8,0.0
2024-06-10,22.4,0.0
2024-06-11,23.0,0.0
2024-06-12,23.2,0.0
2024-06-13,24.6,0.0
2024-06-14,24.9,0.0
2024-06-15,22.7,7.2
2024-06-16,22.3,0.1
2024-06-17,22.3,0.0
2024-06-18,23.5,0.0
2024-06-19,26.2,0.0
2024-06-20,27.2,0.0
2024-06-21,26.4,0.0
2024-06-22,23.3,26.3
2024-06-23,24.0,7.2
2024-06-24,22.6,11.1
2024-06-25,20.9,1.0
2024-06-26,22.2,0.3
2024-06-27,24.5,0.0
2024-06-28,24.5,0.0
2024-06-29,25.4,34.5
2024-06-30,22.9,4.5
2024-07-01,24.1,0.0
2024-07-02,23.1,57.7
2024-07-03,24.1,5.5
2024-07-04,24.9,4.1
2024-07-05,23.1,1.9
2024-07-06,24.3,25.1
2024-07-07,23.4,18.1
2024-07-08,23.1,37.7
2024-07-09,23.2,8.3
2024-07-10,25.5,15.1
2024-07-11,23.6,0.4
2024-07-12,24.4,0.6
2024-07-13,25.8,5.6
2024-07-14,25.9,1.4
2024-07-15,26.4,0.3
2024-07-16,25.5,17.8
2024-07-17,24.7,89.6
2024-07-18,24.4,60.6
2024-07-19,25.2,1.2
2024-07-20,25.3,25.8
2024-07-21,25.5,7.4
2024-07-22,26.1,41.4
2024-07-23,24.9,26.2
2024-07-24,25.9,3.4
2024-07-25,27.2,5.5
2024-07-26,27.4,18.0
2024-07-27,27.0,39.4
2024-07-28,28.0,0.4
2024-07-29,26.6,2.1
2024-07-30,26.8,0.9
2024-07-31,27.4,0.7
2024-08-01,28.1,1.0
2024-08-02,27.4,11.1
2024-08-03,27.8,5.6
2024-08-04,28.9,0.0
2024-08-05,28.1,15.7
2024-08-06,27.7,3.2
2024-08-07,27.2,2.2
2024-08-08,26.4,6.5
2024-08-09,27.2,0.0
2024-08-10,27.8,0.0
2024-08-11,28.5,0.4
2024-08-12,29.0,0.4
2024-08-13,28.8,0.6
2024-08-14,28.4,0.1
2024-08-15,28.0,8.4
2024-08-16,28.2,0.1
2024-08-17,28.1,2.1
2024-08-18,27.1,21.2
2024-08-19,27.8,6.9
2024-08-20,28.8,10.1
2024-08-21,26.4,71.5
2024-08-22,27.4,5.9
2024-08-23,26.3,4.3
2024-08-24,25.8,0.8
2024-08-25,26.8,0.7
2024-08-26,26.4,0.8
2024-08-27,24.2,2.0
2024-08-28,26.1,0.0
2024-08-29,26.0,0.0
2024-08-30,26.0,0.0
2024-08-31,24.7,0.0
2024-09-01,24.5,0.0
2024-09-02,22.7,27.0
2024-09-03,24.2,0.0
2024-09-04,24.6,0.0
2024-09-05,24.8,2.0
2024-09-06,23.7,1.7
2024-09-07,24.3,1.7
2024-09-08,24.6,0.0
2024-09-09,26.4,0.0
2024-09-10,27.0,0.4
2024-09-11,26.9,8.3
2024-09-12,24.7,28.4
2024-09-13,24.9,17.2
2024-09-14,25.8,1.6
2024-09-15,25.3,0.6
2024-09-16,25.4,0.7
2024-09-17,27.2,5.6
2024-09-18,26.6,10.9
2024-09-19,26.4,1.5
2024-09-20,24.2,69.6
2024-09-21,19.0,28.3
2024-09-22,19.9,0.3
2024-09-23,18.8,0.0
2024-09-24,18.2,0.0
2024-09-25,20.7,0.5
2024-09-26,21.3,3.4
2024-09-27,21.0,0.3
2024-09-28,21.3,0.0
2024-09-29,21.4,0.0
2024-09-30,20.3,0.0
2024-10-01,17.2,5.8
2024-10-02,12.9,0.0
2024-10-03,13.6,0.0
2024-10-04,14.4,0.0
2024-10-05,14.4,0.0
2024-10-06,13.3,0.1
2024-10-07,15.5,0.0
2024-10-08,15.5,0.5
2024-10-09,16.5,0.0
2024-10-10,16.5,0.3
2024-10-11,15.8,0.0
2024-10-12,15.1,0.0
2024-10-13,15.8,0.0
2024-10-14,17.7,0.2
2024-10-15,17.4,2.3
2024-10-16,15.6,0.0
2024-10-17,16.5,0.0
2024-10-18,16.1,41.1
2024-10-19,15.7,9.5
2024-10-20,12.1,0.0
2024-10-21,12.4,0.8
2024-10-22,14.9,13.7
2024-10-23,11.9,0.8
2024-10-24,10.6,0.0
2024-10-25,11.9,0.0
2024-10-26,14.7,0.0
2024-10-27,14.5,0.1
2024-10-28,14.0,0.1
2024-10-29,13.1,0.2
2024-10-30,13.3,0.0
2024-10-31,12.7,0.0
2024-11-01,12.6,0.0
2024-11-02,15.6,0.0
2024-11-03,14.6,1.1
2024-11-04,13.3,1.1
2024-11-05,8.1,0.0
2024-11-06,5.3,0.0
2024-11-07,5.0,0.0
2024-11-08,6.5,0.0
2024-11-09,9.7,0.0
2024-11-10,10.9,0.0
2024-11-11,12.0,0.0
2024-11-12,11.3,0.0
2024-11-13,11.7,0.0
2024-11-14,12.6,0.2
2024-11-15,14.1,0.0
2024-11-16,15.4,5.7
2024-11-17,6.8,0.1
2024-11-18,1.7,0.0
2024-11-19,2.4,0.0
2024-11-20,4.8,0.0
2024-11-21,7.4,1.1
2024-11-22,5.2,0.0
2024-11-23,4.2,0.0
2024-11-24,5.4,0.0
2024-11-25,8.0,0.0
2024-11-26,6.7,21.3
2024-11-27,-0.7,10.9
2024-11-28,-1.9,0.7
2024-11-29,-2.8,0.0
2024-11-30,0.0,0.0
2024-12-01,1.1,0.3
2024-12-02,5.4,0.2
2024-12-03,-1.1,0.0
2024-12-04,0.3,0.0
2024-12-05,1.4,0.0
2024-12-06,0.1,0.0
2024-12-07,-1.7,0.0
2024-12-08,-2.0,0.0
2024-12-09,-1.2,0.0
2024-12-10,0.3,0.0
2024-12-11,0.4,0.0
2024-12-12,-1.5,0.0
2024-12-13,-0.5,0.0
2024-12-14,-2.3,0.0
2024-12-15,-0.1,0.0
2024-12-16,-1.3,0.0
2024-12-17,-2.0,0.0
2024-12-18,-4.3,0.0
2024-12-19,-3.2,0.0
2024-12-20,-0.8,0.8
2024-12-21,-1.5,0.7
2024-12-22,-5.9,0.0
2024-12-23,-3.5,0.0
2024-12-24,-2.9,0.0
2024-12-25,-0.1,0.3
2024-12-26,-1.5,0.0
2024-12-27,-3.5,0.0
2024-12-28,-3.9,0.0
2024-12-29,-1.4,0.0
2024-12-30,3.2,0.3
2024-12-31,-1.1,0.1
